timeStamp,elapsed,label,responseCode,responseMessage,threadName,dataType,success,failureMessage,bytes,sentBytes,grpThreads,allThreads,URL,Latency,IdleTime,Connect,API Start Time,API End Time
1626730166172,0,localhost Network I/O unit=kb:bytessent,,,,,true,,0,0,0,0,null,0,0,0,0
1626730166172,0,localhost Network I/O unit=mb:bytesrecv,,,,,true,,0,0,0,0,null,0,0,0,0,0
1626730167172,83154,localhost Network I/O unit=kb:bytessent,,,,,true,,0,0,0,0,null,0,0,0,1000,84154
1626730167172,632,localhost Network I/O unit=mb:bytesrecv,,,,,true,,0,0,0,0,null,0,0,0,1000,1632
1626730168173,13040,localhost Network I/O unit=kb:bytessent,,,,,true,,0,0,0,0,null,0,0,0,2001,15041
1626730168173,1969,localhost Network I/O unit=mb:bytesrecv,,,,,true,,0,0,0,0,null,0,0,0,2001,3970
1626730169174,97240,localhost Network I/O unit=kb:bytessent,,,,,true,,0,0,0,0,null,0,0,0,3002,100242
1626730169174,3077,localhost Network I/O unit=mb:bytesrecv,,,,,true,,0,0,0,0,null,0,0,0,3002,6079
1626730170174,2720,localhost Network I/O unit=kb:bytessent,,,,,true,,0,0,0,0,null,0,0,0,4002,6722
1626730170175,31,localhost Network I/O unit=mb:bytesrecv,,,,,true,,0,0,0,0,null,0,0,0,4003,4034
1626730171175,50322,localhost Network I/O unit=kb:bytessent,,,,,true,,0,0,0,0,null,0,0,0,5003,55325
1626730171175,5,localhost Network I/O unit=mb:bytesrecv,,,,,true,,0,0,0,0,null,0,0,0,5003,5008
1626730172176,3984,localhost Network I/O unit=kb:bytessent,,,,,true,,0,0,0,0,null,0,0,0,6004,9988
1626730172176,2,localhost Network I/O unit=mb:bytesrecv,,,,,true,,0,0,0,0,null,0,0,0,6004,6006
1626730173176,4950,localhost Network I/O unit=kb:bytessent,,,,,true,,0,0,0,0,null,0,0,0,7004,11954
1626730173177,3,localhost Network I/O unit=mb:bytesrecv,,,,,true,,0,0,0,0,null,0,0,0,7005,7008
1626730174177,27430,localhost Network I/O unit=kb:bytessent,,,,,true,,0,0,0,0,null,0,0,0,8005,35435
1626730174177,3975,localhost Network I/O unit=mb:bytesrecv,,,,,true,,0,0,0,0,null,0,0,0,8005,11980
1626730175177,61809,localhost Network I/O unit=kb:bytessent,,,,,true,,0,0,0,0,null,0,0,0,9005,70814
1626730175178,12272,localhost Network I/O unit=mb:bytesrecv,,,,,true,,0,0,0,0,null,0,0,0,9006,21278
1626730176178,12493,localhost Network I/O unit=kb:bytessent,,,,,true,,0,0,0,0,null,0,0,0,10006,22499
1626730176178,1,localhost Network I/O unit=mb:bytesrecv,,,,,true,,0,0,0,0,null,0,0,0,10006,10007
1626730177179,6907,localhost Network I/O unit=kb:bytessent,,,,,true,,0,0,0,0,null,0,0,0,11007,17914
1626730177179,1139,localhost Network I/O unit=mb:bytesrecv,,,,,true,,0,0,0,0,null,0,0,0,11007,12146
1626730178179,188852,localhost Network I/O unit=kb:bytessent,,,,,true,,0,0,0,0,null,0,0,0,12007,200859
1626730178179,810,localhost Network I/O unit=mb:bytesrecv,,,,,true,,0,0,0,0,null,0,0,0,12007,12817
1626730179180,147704,localhost Network I/O unit=kb:bytessent,,,,,true,,0,0,0,0,null,0,0,0,13008,160712
1626730179180,203,localhost Network I/O unit=mb:bytesrecv,,,,,true,,0,0,0,0,null,0,0,0,13008,13211
1626730180180,27221,localhost Network I/O unit=kb:bytessent,,,,,true,,0,0,0,0,null,0,0,0,14008,41229
1626730180181,820,localhost Network I/O unit=mb:bytesrecv,,,,,true,,0,0,0,0,null,0,0,0,14009,14829
1626730181181,141535,localhost Network I/O unit=kb:bytessent,,,,,true,,0,0,0,0,null,0,0,0,15009,156544
1626730181181,153,localhost Network I/O unit=mb:bytesrecv,,,,,true,,0,0,0,0,null,0,0,0,15009,15162
1626730182181,766,localhost Network I/O unit=kb:bytessent,,,,,true,,0,0,0,0,null,0,0,0,16009,16775
1626730182181,3,localhost Network I/O unit=mb:bytesrecv,,,,,true,,0,0,0,0,null,0,0,0,16009,16012
1626730183182,162630,localhost Network I/O unit=kb:bytessent,,,,,true,,0,0,0,0,null,0,0,0,17010,179640
1626730183182,9399,localhost Network I/O unit=mb:bytesrecv,,,,,true,,0,0,0,0,null,0,0,0,17010,26409
1626730184182,5763,localhost Network I/O unit=kb:bytessent,,,,,true,,0,0,0,0,null,0,0,0,18010,23773
1626730184182,5,localhost Network I/O unit=mb:bytesrecv,,,,,true,,0,0,0,0,null,0,0,0,18010,18015
1626730185183,384630,localhost Network I/O unit=kb:bytessent,,,,,true,,0,0,0,0,null,0,0,0,19011,403641
1626730185183,12,localhost Network I/O unit=mb:bytesrecv,,,,,true,,0,0,0,0,null,0,0,0,19011,19023
1626730186183,78564,localhost Network I/O unit=kb:bytessent,,,,,true,,0,0,0,0,null,0,0,0,20011,98575
1626730186183,16244,localhost Network I/O unit=mb:bytesrecv,,,,,true,,0,0,0,0,null,0,0,0,20011,36255
1626730187184,36027,localhost Network I/O unit=kb:bytessent,,,,,true,,0,0,0,0,null,0,0,0,21012,57039
1626730187184,1,localhost Network I/O unit=mb:bytesrecv,,,,,true,,0,0,0,0,null,0,0,0,21012,21013
1626730188184,100234,localhost Network I/O unit=kb:bytessent,,,,,true,,0,0,0,0,null,0,0,0,22012,122246
1626730188184,1199,localhost Network I/O unit=mb:bytesrecv,,,,,true,,0,0,0,0,null,0,0,0,22012,23211
1626730189184,175394,localhost Network I/O unit=kb:bytessent,,,,,true,,0,0,0,0,null,0,0,0,23012,198406
1626730189185,1131,localhost Network I/O unit=mb:bytesrecv,,,,,true,,0,0,0,0,null,0,0,0,23013,24144
1626730190185,84730,localhost Network I/O unit=kb:bytessent,,,,,true,,0,0,0,0,null,0,0,0,24013,108743
1626730190185,820,localhost Network I/O unit=mb:bytesrecv,,,,,true,,0,0,0,0,null,0,0,0,24013,24833
1626730191185,52212,localhost Network I/O unit=kb:bytessent,,,,,true,,0,0,0,0,null,0,0,0,25013,77225
1626730191185,330,localhost Network I/O unit=mb:bytesrecv,,,,,true,,0,0,0,0,null,0,0,0,25013,25343
1626730192186,3398,localhost Network I/O unit=kb:bytessent,,,,,true,,0,0,0,0,null,0,0,0,26014,29412
1626730192186,642,localhost Network I/O unit=mb:bytesrecv,,,,,true,,0,0,0,0,null,0,0,0,26014,26656
1626730193186,763,localhost Network I/O unit=kb:bytessent,,,,,true,,0,0,0,0,null,0,0,0,27014,27777
1626730193186,4,localhost Network I/O unit=mb:bytesrecv,,,,,true,,0,0,0,0,null,0,0,0,27014,27018
1626730194187,470,localhost Network I/O unit=kb:bytessent,,,,,true,,0,0,0,0,null,0,0,0,28015,28485
1626730194187,0,localhost Network I/O unit=mb:bytesrecv,,,,,true,,0,0,0,0,null,0,0,0,28015,28015
1626730195187,1357,localhost Network I/O unit=kb:bytessent,,,,,true,,0,0,0,0,null,0,0,0,29015,30372
1626730195187,161,localhost Network I/O unit=mb:bytesrecv,,,,,true,,0,0,0,0,null,0,0,0,29015,29176
1626730196188,19432,localhost Network I/O unit=kb:bytessent,,,,,true,,0,0,0,0,null,0,0,0,30016,49448
1626730196188,37,localhost Network I/O unit=mb:bytesrecv,,,,,true,,0,0,0,0,null,0,0,0,30016,30053
1626730197188,458,localhost Network I/O unit=kb:bytessent,,,,,true,,0,0,0,0,null,0,0,0,31016,31474
1626730197188,0,localhost Network I/O unit=mb:bytesrecv,,,,,true,,0,0,0,0,null,0,0,0,31016,31016
1626730198189,473,localhost Network I/O unit=kb:bytessent,,,,,true,,0,0,0,0,null,0,0,0,32017,32490
1626730198189,0,localhost Network I/O unit=mb:bytesrecv,,,,,true,,0,0,0,0,null,0,0,0,32017,32017
1626730199189,458,localhost Network I/O unit=kb:bytessent,,,,,true,,0,0,0,0,null,0,0,0,33017,33475
1626730199189,0,localhost Network I/O unit=mb:bytesrecv,,,,,true,,0,0,0,0,null,0,0,0,33017,33017
1626730200190,143688,localhost Network I/O unit=kb:bytessent,,,,,true,,0,0,0,0,null,0,0,0,34018,177706
1626730200190,8600,localhost Network I/O unit=mb:bytesrecv,,,,,true,,0,0,0,0,null,0,0,0,34018,42618
1626730201190,45343,localhost Network I/O unit=kb:bytessent,,,,,true,,0,0,0,0,null,0,0,0,35018,80361
1626730201190,6,localhost Network I/O unit=mb:bytesrecv,,,,,true,,0,0,0,0,null,0,0,0,35018,35024
1626730202191,6349,localhost Network I/O unit=kb:bytessent,,,,,true,,0,0,0,0,null,0,0,0,36019,42368
1626730202191,4,localhost Network I/O unit=mb:bytesrecv,,,,,true,,0,0,0,0,null,0,0,0,36019,36023
1626730203191,66738,localhost Network I/O unit=kb:bytessent,,,,,true,,0,0,0,0,null,0,0,0,37019,103757
1626730203191,16246,localhost Network I/O unit=mb:bytesrecv,,,,,true,,0,0,0,0,null,0,0,0,37019,53265
1626730204191,25674,localhost Network I/O unit=kb:bytessent,,,,,true,,0,0,0,0,null,0,0,0,38019,63693
1626730204192,1,localhost Network I/O unit=mb:bytesrecv,,,,,true,,0,0,0,0,null,0,0,0,38020,38021
1626730205192,111197,localhost Network I/O unit=kb:bytessent,,,,,true,,0,0,0,0,null,0,0,0,39020,150217
1626730205192,1200,localhost Network I/O unit=mb:bytesrecv,,,,,true,,0,0,0,0,null,0,0,0,39020,40220
1626730206192,180105,localhost Network I/O unit=kb:bytessent,,,,,true,,0,0,0,0,null,0,0,0,40020,220125
1626730206192,1229,localhost Network I/O unit=mb:bytesrecv,,,,,true,,0,0,0,0,null,0,0,0,40020,41249
1626730207193,153903,localhost Network I/O unit=kb:bytessent,,,,,true,,0,0,0,0,null,0,0,0,41021,194924
1626730207193,694,localhost Network I/O unit=mb:bytesrecv,,,,,true,,0,0,0,0,null,0,0,0,41021,41715
1626730208193,3401,localhost Network I/O unit=kb:bytessent,,,,,true,,0,0,0,0,null,0,0,0,42021,45422
1626730208193,483,localhost Network I/O unit=mb:bytesrecv,,,,,true,,0,0,0,0,null,0,0,0,42021,42504
1626730209194,1968,localhost Network I/O unit=kb:bytessent,,,,,true,,0,0,0,0,null,0,0,0,43022,44990
1626730209194,322,localhost Network I/O unit=mb:bytesrecv,,,,,true,,0,0,0,0,null,0,0,0,43022,43344
1626730210194,465,localhost Network I/O unit=kb:bytessent,,,,,true,,0,0,0,0,null,0,0,0,44022,44487
1626730210194,0,localhost Network I/O unit=mb:bytesrecv,,,,,true,,0,0,0,0,null,0,0,0,44022,44022
1626730211195,474,localhost Network I/O unit=kb:bytessent,,,,,true,,0,0,0,0,null,0,0,0,45023,45497
1626730211195,0,localhost Network I/O unit=mb:bytesrecv,,,,,true,,0,0,0,0,null,0,0,0,45023,45023
1626730212195,19131,localhost Network I/O unit=kb:bytessent,,,,,true,,0,0,0,0,null,0,0,0,46023,65154
1626730212195,181,localhost Network I/O unit=mb:bytesrecv,,,,,true,,0,0,0,0,null,0,0,0,46023,46204
1626730213196,1725,localhost Network I/O unit=kb:bytessent,,,,,true,,0,0,0,0,null,0,0,0,47024,48749
1626730213196,18,localhost Network I/O unit=mb:bytesrecv,,,,,true,,0,0,0,0,null,0,0,0,47024,47042
1626730214196,473,localhost Network I/O unit=kb:bytessent,,,,,true,,0,0,0,0,null,0,0,0,48024,48497
1626730214196,0,localhost Network I/O unit=mb:bytesrecv,,,,,true,,0,0,0,0,null,0,0,0,48024,48024
1626730215196,381332,localhost Network I/O unit=kb:bytessent,,,,,true,,0,0,0,0,null,0,0,0,49024,430356
1626730215197,8,localhost Network I/O unit=mb:bytesrecv,,,,,true,,0,0,0,0,null,0,0,0,49025,49033
1626730216197,771,localhost Network I/O unit=kb:bytessent,,,,,true,,0,0,0,0,null,0,0,0,50025,50796
1626730216197,4,localhost Network I/O unit=mb:bytesrecv,,,,,true,,0,0,0,0,null,0,0,0,50025,50029
1626730217197,189458,localhost Network I/O unit=kb:bytessent,,,,,true,,0,0,0,0,null,0,0,0,51025,240483
1626730217197,8597,localhost Network I/O unit=mb:bytesrecv,,,,,true,,0,0,0,0,null,0,0,0,51025,59622
1626730218198,5764,localhost Network I/O unit=kb:bytessent,,,,,true,,0,0,0,0,null,0,0,0,52026,57790
1626730218198,5,localhost Network I/O unit=mb:bytesrecv,,,,,true,,0,0,0,0,null,0,0,0,52026,52031
1626730219198,6418,localhost Network I/O unit=kb:bytessent,,,,,true,,0,0,0,0,null,0,0,0,53026,59444
1626730219198,4,localhost Network I/O unit=mb:bytesrecv,,,,,true,,0,0,0,0,null,0,0,0,53026,53030
1626730220198,110148,localhost Network I/O unit=kb:bytessent,,,,,true,,0,0,0,0,null,0,0,0,54026,164174
1626730220198,16244,localhost Network I/O unit=mb:bytesrecv,,,,,true,,0,0,0,0,null,0,0,0,54026,70270
1626730221199,455,localhost Network I/O unit=kb:bytessent,,,,,true,,0,0,0,0,null,0,0,0,55027,55482
1626730221199,0,localhost Network I/O unit=mb:bytesrecv,,,,,true,,0,0,0,0,null,0,0,0,55027,55027
1626730222199,154293,localhost Network I/O unit=kb:bytessent,,,,,true,,0,0,0,0,null,0,0,0,56027,210320
1626730222199,1549,localhost Network I/O unit=mb:bytesrecv,,,,,true,,0,0,0,0,null,0,0,0,56027,57576
1626730223200,126119,localhost Network I/O unit=kb:bytessent,,,,,true,,0,0,0,0,null,0,0,0,57028,183147
1626730223200,1161,localhost Network I/O unit=mb:bytesrecv,,,,,true,,0,0,0,0,null,0,0,0,57028,58189
1626730224200,160100,localhost Network I/O unit=kb:bytessent,,,,,true,,0,0,0,0,null,0,0,0,58028,218128
1626730224200,413,localhost Network I/O unit=mb:bytesrecv,,,,,true,,0,0,0,0,null,0,0,0,58028,58441
1626730225201,4149,localhost Network I/O unit=kb:bytessent,,,,,true,,0,0,0,0,null,0,0,0,59029,63178
1626730225201,802,localhost Network I/O unit=mb:bytesrecv,,,,,true,,0,0,0,0,null,0,0,0,59029,59831
1626730226201,471,localhost Network I/O unit=kb:bytessent,,,,,true,,0,0,0,0,null,0,0,0,60029,60500
1626730226201,0,localhost Network I/O unit=mb:bytesrecv,,,,,true,,0,0,0,0,null,0,0,0,60029,60029
1626730227201,473,localhost Network I/O unit=kb:bytessent,,,,,true,,0,0,0,0,null,0,0,0,61029,61502
1626730227201,0,localhost Network I/O unit=mb:bytesrecv,,,,,true,,0,0,0,0,null,0,0,0,61029,61029
1626730228202,18627,localhost Network I/O unit=kb:bytessent,,,,,true,,0,0,0,0,null,0,0,0,62030,80657
1626730228202,179,localhost Network I/O unit=mb:bytesrecv,,,,,true,,0,0,0,0,null,0,0,0,62030,62209
1626730229202,1955,localhost Network I/O unit=kb:bytessent,,,,,true,,0,0,0,0,null,0,0,0,63030,64985
1626730229202,20,localhost Network I/O unit=mb:bytesrecv,,,,,true,,0,0,0,0,null,0,0,0,63030,63050
1626730230203,470,localhost Network I/O unit=kb:bytessent,,,,,true,,0,0,0,0,null,0,0,0,64031,64501
1626730230203,0,localhost Network I/O unit=mb:bytesrecv,,,,,true,,0,0,0,0,null,0,0,0,64031,64031
1626730231203,453,localhost Network I/O unit=kb:bytessent,,,,,true,,0,0,0,0,null,0,0,0,65031,65484
1626730231203,0,localhost Network I/O unit=mb:bytesrecv,,,,,true,,0,0,0,0,null,0,0,0,65031,65031
1626730232203,456,localhost Network I/O unit=kb:bytessent,,,,,true,,0,0,0,0,null,0,0,0,66031,66487
1626730232203,0,localhost Network I/O unit=mb:bytesrecv,,,,,true,,0,0,0,0,null,0,0,0,66031,66031
1626730233204,37774,localhost Network I/O unit=kb:bytessent,,,,,true,,0,0,0,0,null,0,0,0,67032,104806
1626730233204,5,localhost Network I/O unit=mb:bytesrecv,,,,,true,,0,0,0,0,null,0,0,0,67032,67037
1626730234204,189816,localhost Network I/O unit=kb:bytessent,,,,,true,,0,0,0,0,null,0,0,0,68032,257848
1626730234204,8597,localhost Network I/O unit=mb:bytesrecv,,,,,true,,0,0,0,0,null,0,0,0,68032,76629
1626730235204,5762,localhost Network I/O unit=kb:bytessent,,,,,true,,0,0,0,0,null,0,0,0,69032,74794
1626730235205,5,localhost Network I/O unit=mb:bytesrecv,,,,,true,,0,0,0,0,null,0,0,0,69033,69038
1626730236205,6417,localhost Network I/O unit=kb:bytessent,,,,,true,,0,0,0,0,null,0,0,0,70033,76450
1626730236205,4,localhost Network I/O unit=mb:bytesrecv,,,,,true,,0,0,0,0,null,0,0,0,70033,70037
1626730237205,115029,localhost Network I/O unit=kb:bytessent,,,,,true,,0,0,0,0,null,0,0,0,71033,186062
1626730237205,16241,localhost Network I/O unit=mb:bytesrecv,,,,,true,,0,0,0,0,null,0,0,0,71033,87274
1626730238206,468,localhost Network I/O unit=kb:bytessent,,,,,true,,0,0,0,0,null,0,0,0,72034,72502
1626730238206,0,localhost Network I/O unit=mb:bytesrecv,,,,,true,,0,0,0,0,null,0,0,0,72034,72034
1626730239206,83063,localhost Network I/O unit=kb:bytessent,,,,,true,,0,0,0,0,null,0,0,0,73034,156097
1626730239206,1547,localhost Network I/O unit=mb:bytesrecv,,,,,true,,0,0,0,0,null,0,0,0,73034,74581
1626730240206,234776,localhost Network I/O unit=kb:bytessent,,,,,true,,0,0,0,0,null,0,0,0,74034,308810
1626730240206,882,localhost Network I/O unit=mb:bytesrecv,,,,,true,,0,0,0,0,null,0,0,0,74034,74916
1626730241207,178201,localhost Network I/O unit=kb:bytessent,,,,,true,,0,0,0,0,null,0,0,0,75035,253236
1626730241207,694,localhost Network I/O unit=mb:bytesrecv,,,,,true,,0,0,0,0,null,0,0,0,75035,75729
1626730242207,4211,localhost Network I/O unit=kb:bytessent,,,,,true,,0,0,0,0,null,0,0,0,76035,80246
1626730242207,802,localhost Network I/O unit=mb:bytesrecv,,,,,true,,0,0,0,0,null,0,0,0,76035,76837
1626730243208,472,localhost Network I/O unit=kb:bytessent,,,,,true,,0,0,0,0,null,0,0,0,77036,77508
1626730243208,0,localhost Network I/O unit=mb:bytesrecv,,,,,true,,0,0,0,0,null,0,0,0,77036,77036
1626730244208,457,localhost Network I/O unit=kb:bytessent,,,,,true,,0,0,0,0,null,0,0,0,78036,78493
1626730244208,0,localhost Network I/O unit=mb:bytesrecv,,,,,true,,0,0,0,0,null,0,0,0,78036,78036
1626730245208,376031,localhost Network I/O unit=kb:bytessent,,,,,true,,0,0,0,0,null,0,0,0,79036,455067
1626730245208,8,localhost Network I/O unit=mb:bytesrecv,,,,,true,,0,0,0,0,null,0,0,0,79036,79044
1626730246209,20124,localhost Network I/O unit=kb:bytessent,,,,,true,,0,0,0,0,null,0,0,0,80037,100161
1626730246209,198,localhost Network I/O unit=mb:bytesrecv,,,,,true,,0,0,0,0,null,0,0,0,80037,80235
1626730247209,473,localhost Network I/O unit=kb:bytessent,,,,,true,,0,0,0,0,null,0,0,0,81037,81510
1626730247209,0,localhost Network I/O unit=mb:bytesrecv,,,,,true,,0,0,0,0,null,0,0,0,81037,81037
1626730248210,472,localhost Network I/O unit=kb:bytessent,,,,,true,,0,0,0,0,null,0,0,0,82038,82510
1626730248210,0,localhost Network I/O unit=mb:bytesrecv,,,,,true,,0,0,0,0,null,0,0,0,82038,82038
1626730249210,470,localhost Network I/O unit=kb:bytessent,,,,,true,,0,0,0,0,null,0,0,0,83038,83508
1626730249210,0,localhost Network I/O unit=mb:bytesrecv,,,,,true,,0,0,0,0,null,0,0,0,83038,83038
1626730250210,769,localhost Network I/O unit=kb:bytessent,,,,,true,,0,0,0,0,null,0,0,0,84038,84807
1626730250211,4,localhost Network I/O unit=mb:bytesrecv,,,,,true,,0,0,0,0,null,0,0,0,84039,84043
1626730251211,176542,localhost Network I/O unit=kb:bytessent,,,,,true,,0,0,0,0,null,0,0,0,85039,261581
1626730251211,8597,localhost Network I/O unit=mb:bytesrecv,,,,,true,,0,0,0,0,null,0,0,0,85039,93636
1626730252211,5761,localhost Network I/O unit=kb:bytessent,,,,,true,,0,0,0,0,null,0,0,0,86039,91800
1626730252211,5,localhost Network I/O unit=mb:bytesrecv,,,,,true,,0,0,0,0,null,0,0,0,86039,86044
1626730253212,6351,localhost Network I/O unit=kb:bytessent,,,,,true,,0,0,0,0,null,0,0,0,87040,93391
1626730253212,4,localhost Network I/O unit=mb:bytesrecv,,,,,true,,0,0,0,0,null,0,0,0,87040,87044
1626730254212,101841,localhost Network I/O unit=kb:bytessent,,,,,true,,0,0,0,0,null,0,0,0,88040,189881
1626730254212,16241,localhost Network I/O unit=mb:bytesrecv,,,,,true,,0,0,0,0,null,0,0,0,88040,104281
1626730255212,457,localhost Network I/O unit=kb:bytessent,,,,,true,,0,0,0,0,null,0,0,0,89040,89497
1626730255212,0,localhost Network I/O unit=mb:bytesrecv,,,,,true,,0,0,0,0,null,0,0,0,89040,89040
1626730256213,132653,localhost Network I/O unit=kb:bytessent,,,,,true,,0,0,0,0,null,0,0,0,90041,222694
1626730256213,1548,localhost Network I/O unit=mb:bytesrecv,,,,,true,,0,0,0,0,null,0,0,0,90041,91589
1626730257213,163756,localhost Network I/O unit=kb:bytessent,,,,,true,,0,0,0,0,null,0,0,0,91041,254797
1626730257213,1174,localhost Network I/O unit=mb:bytesrecv,,,,,true,,0,0,0,0,null,0,0,0,91041,92215
1626730258213,121237,localhost Network I/O unit=kb:bytessent,,,,,true,,0,0,0,0,null,0,0,0,92041,213278
1626730258213,399,localhost Network I/O unit=mb:bytesrecv,,,,,true,,0,0,0,0,null,0,0,0,92041,92440
1626730259214,4264,localhost Network I/O unit=kb:bytessent,,,,,true,,0,0,0,0,null,0,0,0,93042,97306
1626730259214,802,localhost Network I/O unit=mb:bytesrecv,,,,,true,,0,0,0,0,null,0,0,0,93042,93844
1626730260214,471,localhost Network I/O unit=kb:bytessent,,,,,true,,0,0,0,0,null,0,0,0,94042,94513
1626730260214,0,localhost Network I/O unit=mb:bytesrecv,,,,,true,,0,0,0,0,null,0,0,0,94042,94042
1626730261215,2512,localhost Network I/O unit=kb:bytessent,,,,,true,,0,0,0,0,null,0,0,0,95043,97555
1626730261215,0,localhost Network I/O unit=mb:bytesrecv,,,,,true,,0,0,0,0,null,0,0,0,95043,95043
1626730262215,55987,localhost Network I/O unit=kb:bytessent,,,,,true,,0,0,0,0,null,0,0,0,96043,152030
1626730262215,180,localhost Network I/O unit=mb:bytesrecv,,,,,true,,0,0,0,0,null,0,0,0,96043,96223
1626730263216,2022,localhost Network I/O unit=kb:bytessent,,,,,true,,0,0,0,0,null,0,0,0,97044,99066
1626730263216,19,localhost Network I/O unit=mb:bytesrecv,,,,,true,,0,0,0,0,null,0,0,0,97044,97063
1626730264216,473,localhost Network I/O unit=kb:bytessent,,,,,true,,0,0,0,0,null,0,0,0,98044,98517
1626730264216,0,localhost Network I/O unit=mb:bytesrecv,,,,,true,,0,0,0,0,null,0,0,0,98044,98044
1626730265216,473,localhost Network I/O unit=kb:bytessent,,,,,true,,0,0,0,0,null,0,0,0,99044,99517
1626730265217,0,localhost Network I/O unit=mb:bytesrecv,,,,,true,,0,0,0,0,null,0,0,0,99045,99045
1626730266217,845,localhost Network I/O unit=kb:bytessent,,,,,true,,0,0,0,0,null,0,0,0,100045,100890
1626730266217,4,localhost Network I/O unit=mb:bytesrecv,,,,,true,,0,0,0,0,null,0,0,0,100045,100049
1626730267217,472,localhost Network I/O unit=kb:bytessent,,,,,true,,0,0,0,0,null,0,0,0,101045,101517
1626730267217,0,localhost Network I/O unit=mb:bytesrecv,,,,,true,,0,0,0,0,null,0,0,0,101045,101045
1626730268218,160777,localhost Network I/O unit=kb:bytessent,,,,,true,,0,0,0,0,null,0,0,0,102046,262823
1626730268218,8597,localhost Network I/O unit=mb:bytesrecv,,,,,true,,0,0,0,0,null,0,0,0,102046,110643
1626730269218,6059,localhost Network I/O unit=kb:bytessent,,,,,true,,0,0,0,0,null,0,0,0,103046,109105
1626730269218,8,localhost Network I/O unit=mb:bytesrecv,,,,,true,,0,0,0,0,null,0,0,0,103046,103054
1626730270218,6646,localhost Network I/O unit=kb:bytessent,,,,,true,,0,0,0,0,null,0,0,0,104046,110692
1626730270219,7,localhost Network I/O unit=mb:bytesrecv,,,,,true,,0,0,0,0,null,0,0,0,104047,104054
1626730271219,84353,localhost Network I/O unit=kb:bytessent,,,,,true,,0,0,0,0,null,0,0,0,105047,189400
1626730271219,16243,localhost Network I/O unit=mb:bytesrecv,,,,,true,,0,0,0,0,null,0,0,0,105047,121290
1626730272219,471,localhost Network I/O unit=kb:bytessent,,,,,true,,0,0,0,0,null,0,0,0,106047,106518
1626730272219,0,localhost Network I/O unit=mb:bytesrecv,,,,,true,,0,0,0,0,null,0,0,0,106047,106047
1626730273220,292031,localhost Network I/O unit=kb:bytessent,,,,,true,,0,0,0,0,null,0,0,0,107048,399079
1626730273220,1965,localhost Network I/O unit=mb:bytesrecv,,,,,true,,0,0,0,0,null,0,0,0,107048,109013
1626730274220,126601,localhost Network I/O unit=kb:bytessent,,,,,true,,0,0,0,0,null,0,0,0,108048,234649
1626730274220,1039,localhost Network I/O unit=mb:bytesrecv,,,,,true,,0,0,0,0,null,0,0,0,108048,109087
1626730275221,521069,localhost Network I/O unit=kb:bytessent,,,,,true,,0,0,0,0,null,0,0,0,109049,630118
1626730275221,770,localhost Network I/O unit=mb:bytesrecv,,,,,true,,0,0,0,0,null,0,0,0,109049,109819
1626730276221,1221,localhost Network I/O unit=kb:bytessent,,,,,true,,0,0,0,0,null,0,0,0,110049,111270
1626730276221,160,localhost Network I/O unit=mb:bytesrecv,,,,,true,,0,0,0,0,null,0,0,0,110049,110209
1626730277221,472,localhost Network I/O unit=kb:bytessent,,,,,true,,0,0,0,0,null,0,0,0,111049,111521
1626730277221,0,localhost Network I/O unit=mb:bytesrecv,,,,,true,,0,0,0,0,null,0,0,0,111049,111049
1626730278222,458,localhost Network I/O unit=kb:bytessent,,,,,true,,0,0,0,0,null,0,0,0,112050,112508
1626730278222,0,localhost Network I/O unit=mb:bytesrecv,,,,,true,,0,0,0,0,null,0,0,0,112050,112050
1626730279222,18641,localhost Network I/O unit=kb:bytessent,,,,,true,,0,0,0,0,null,0,0,0,113050,131691
1626730279222,179,localhost Network I/O unit=mb:bytesrecv,,,,,true,,0,0,0,0,null,0,0,0,113050,113229
1626730280223,2023,localhost Network I/O unit=kb:bytessent,,,,,true,,0,0,0,0,null,0,0,0,114051,116074
1626730280223,19,localhost Network I/O unit=mb:bytesrecv,,,,,true,,0,0,0,0,null,0,0,0,114051,114070
1626730281223,458,localhost Network I/O unit=kb:bytessent,,,,,true,,0,0,0,0,null,0,0,0,115051,115509
1626730281223,0,localhost Network I/O unit=mb:bytesrecv,,,,,true,,0,0,0,0,null,0,0,0,115051,115051
1626730282223,549,localhost Network I/O unit=kb:bytessent,,,,,true,,0,0,0,0,null,0,0,0,116051,116600
1626730282223,0,localhost Network I/O unit=mb:bytesrecv,,,,,true,,0,0,0,0,null,0,0,0,116051,116051
1626730283224,460,localhost Network I/O unit=kb:bytessent,,,,,true,,0,0,0,0,null,0,0,0,117052,117512
1626730283224,0,localhost Network I/O unit=mb:bytesrecv,,,,,true,,0,0,0,0,null,0,0,0,117052,117052
1626730284224,753,localhost Network I/O unit=kb:bytessent,,,,,true,,0,0,0,0,null,0,0,0,118052,118805
1626730284224,4,localhost Network I/O unit=mb:bytesrecv,,,,,true,,0,0,0,0,null,0,0,0,118052,118056
1626730285225,143750,localhost Network I/O unit=kb:bytessent,,,,,true,,0,0,0,0,null,0,0,0,119053,262803
1626730285225,8598,localhost Network I/O unit=mb:bytesrecv,,,,,true,,0,0,0,0,null,0,0,0,119053,127651
1626730286225,5754,localhost Network I/O unit=kb:bytessent,,,,,true,,0,0,0,0,null,0,0,0,120053,125807
1626730286225,5,localhost Network I/O unit=mb:bytesrecv,,,,,true,,0,0,0,0,null,0,0,0,120053,120058
1626730287225,6417,localhost Network I/O unit=kb:bytessent,,,,,true,,0,0,0,0,null,0,0,0,121053,127470
1626730287225,4,localhost Network I/O unit=mb:bytesrecv,,,,,true,,0,0,0,0,null,0,0,0,121053,121057
1626730288226,77316,localhost Network I/O unit=kb:bytessent,,,,,true,,0,0,0,0,null,0,0,0,122054,199370
1626730288226,16240,localhost Network I/O unit=mb:bytesrecv,,,,,true,,0,0,0,0,null,0,0,0,122054,138294
1626730289226,469,localhost Network I/O unit=kb:bytessent,,,,,true,,0,0,0,0,null,0,0,0,123054,123523
1626730289226,0,localhost Network I/O unit=mb:bytesrecv,,,,,true,,0,0,0,0,null,0,0,0,123054,123054
1626730290227,134297,localhost Network I/O unit=kb:bytessent,,,,,true,,0,0,0,0,null,0,0,0,124055,258352
1626730290227,1897,localhost Network I/O unit=mb:bytesrecv,,,,,true,,0,0,0,0,null,0,0,0,124055,125952
1626730291227,212762,localhost Network I/O unit=kb:bytessent,,,,,true,,0,0,0,0,null,0,0,0,125055,337817
1626730291227,1071,localhost Network I/O unit=mb:bytesrecv,,,,,true,,0,0,0,0,null,0,0,0,125055,126126
1626730292228,162449,localhost Network I/O unit=kb:bytessent,,,,,true,,0,0,0,0,null,0,0,0,126056,288505
1626730292228,316,localhost Network I/O unit=mb:bytesrecv,,,,,true,,0,0,0,0,null,0,0,0,126056,126372
1626730293228,3206,localhost Network I/O unit=kb:bytessent,,,,,true,,0,0,0,0,null,0,0,0,127056,130262
1626730293228,642,localhost Network I/O unit=mb:bytesrecv,,,,,true,,0,0,0,0,null,0,0,0,127056,127698
1626730294229,471,localhost Network I/O unit=kb:bytessent,,,,,true,,0,0,0,0,null,0,0,0,128057,128528
1626730294229,0,localhost Network I/O unit=mb:bytesrecv,,,,,true,,0,0,0,0,null,0,0,0,128057,128057
1626730295229,473,localhost Network I/O unit=kb:bytessent,,,,,true,,0,0,0,0,null,0,0,0,129057,129530
1626730295229,0,localhost Network I/O unit=mb:bytesrecv,,,,,true,,0,0,0,0,null,0,0,0,129057,129057
1626730296229,19198,localhost Network I/O unit=kb:bytessent,,,,,true,,0,0,0,0,null,0,0,0,130057,149255
1626730296230,181,localhost Network I/O unit=mb:bytesrecv,,,,,true,,0,0,0,0,null,0,0,0,130058,130239
1626730297230,1724,localhost Network I/O unit=kb:bytessent,,,,,true,,0,0,0,0,null,0,0,0,131058,132782
1626730297230,18,localhost Network I/O unit=mb:bytesrecv,,,,,true,,0,0,0,0,null,0,0,0,131058,131076
1626730298230,471,localhost Network I/O unit=kb:bytessent,,,,,true,,0,0,0,0,null,0,0,0,132058,132529
1626730298230,0,localhost Network I/O unit=mb:bytesrecv,,,,,true,,0,0,0,0,null,0,0,0,132058,132058
1626730299231,548,localhost Network I/O unit=kb:bytessent,,,,,true,,0,0,0,0,null,0,0,0,133059,133607
1626730299231,0,localhost Network I/O unit=mb:bytesrecv,,,,,true,,0,0,0,0,null,0,0,0,133059,133059
1626730300231,769,localhost Network I/O unit=kb:bytessent,,,,,true,,0,0,0,0,null,0,0,0,134059,134828
1626730300231,4,localhost Network I/O unit=mb:bytesrecv,,,,,true,,0,0,0,0,null,0,0,0,134059,134063
1626730301232,458,localhost Network I/O unit=kb:bytessent,,,,,true,,0,0,0,0,null,0,0,0,135060,135518
1626730301232,0,localhost Network I/O unit=mb:bytesrecv,,,,,true,,0,0,0,0,null,0,0,0,135060,135060
1626730302232,153997,localhost Network I/O unit=kb:bytessent,,,,,true,,0,0,0,0,null,0,0,0,136060,290057
1626730302232,8596,localhost Network I/O unit=mb:bytesrecv,,,,,true,,0,0,0,0,null,0,0,0,136060,144656
1626730303232,6061,localhost Network I/O unit=kb:bytessent,,,,,true,,0,0,0,0,null,0,0,0,137060,143121
1626730303233,8,localhost Network I/O unit=mb:bytesrecv,,,,,true,,0,0,0,0,null,0,0,0,137061,137069
1626730304233,6416,localhost Network I/O unit=kb:bytessent,,,,,true,,0,0,0,0,null,0,0,0,138061,144477
1626730304233,4,localhost Network I/O unit=mb:bytesrecv,,,,,true,,0,0,0,0,null,0,0,0,138061,138065
1626730305233,459591,localhost Network I/O unit=kb:bytessent,,,,,true,,0,0,0,0,null,0,0,0,139061,598652
1626730305233,16248,localhost Network I/O unit=mb:bytesrecv,,,,,true,,0,0,0,0,null,0,0,0,139061,155309
1626730306234,473,localhost Network I/O unit=kb:bytessent,,,,,true,,0,0,0,0,null,0,0,0,140062,140535
1626730306234,0,localhost Network I/O unit=mb:bytesrecv,,,,,true,,0,0,0,0,null,0,0,0,140062,140062
1626730307234,153794,localhost Network I/O unit=kb:bytessent,,,,,true,,0,0,0,0,null,0,0,0,141062,294856
1626730307234,1897,localhost Network I/O unit=mb:bytesrecv,,,,,true,,0,0,0,0,null,0,0,0,141062,142959
1626730308235,182931,localhost Network I/O unit=kb:bytessent,,,,,true,,0,0,0,0,null,0,0,0,142063,324994
1626730308235,1070,localhost Network I/O unit=mb:bytesrecv,,,,,true,,0,0,0,0,null,0,0,0,142063,143133
1626730309235,147618,localhost Network I/O unit=kb:bytessent,,,,,true,,0,0,0,0,null,0,0,0,143063,290681
1626730309235,316,localhost Network I/O unit=mb:bytesrecv,,,,,true,,0,0,0,0,null,0,0,0,143063,143379
1626730310236,4175,localhost Network I/O unit=kb:bytessent,,,,,true,,0,0,0,0,null,0,0,0,144064,148239
1626730310236,642,localhost Network I/O unit=mb:bytesrecv,,,,,true,,0,0,0,0,null,0,0,0,144064,144706
1626730311236,677,localhost Network I/O unit=kb:bytessent,,,,,true,,0,0,0,0,null,0,0,0,145064,145741
1626730311236,0,localhost Network I/O unit=mb:bytesrecv,,,,,true,,0,0,0,0,null,0,0,0,145064,145064
1626730312236,473,localhost Network I/O unit=kb:bytessent,,,,,true,,0,0,0,0,null,0,0,0,146064,146537
1626730312236,0,localhost Network I/O unit=mb:bytesrecv,,,,,true,,0,0,0,0,null,0,0,0,146064,146064
1626730313237,20179,localhost Network I/O unit=kb:bytessent,,,,,true,,0,0,0,0,null,0,0,0,147065,167244
1626730313237,199,localhost Network I/O unit=mb:bytesrecv,,,,,true,,0,0,0,0,null,0,0,0,147065,147264
1626730314237,471,localhost Network I/O unit=kb:bytessent,,,,,true,,0,0,0,0,null,0,0,0,148065,148536
1626730314237,0,localhost Network I/O unit=mb:bytesrecv,,,,,true,,0,0,0,0,null,0,0,0,148065,148065
1626730315238,457,localhost Network I/O unit=kb:bytessent,,,,,true,,0,0,0,0,null,0,0,0,149066,149523
1626730315238,0,localhost Network I/O unit=mb:bytesrecv,,,,,true,,0,0,0,0,null,0,0,0,149066,149066
1626730316238,535,localhost Network I/O unit=kb:bytessent,,,,,true,,0,0,0,0,null,0,0,0,150066,150601
1626730316238,0,localhost Network I/O unit=mb:bytesrecv,,,,,true,,0,0,0,0,null,0,0,0,150066,150066
1626730317239,768,localhost Network I/O unit=kb:bytessent,,,,,true,,0,0,0,0,null,0,0,0,151067,151835
1626730317239,4,localhost Network I/O unit=mb:bytesrecv,,,,,true,,0,0,0,0,null,0,0,0,151067,151071
1626730318239,458,localhost Network I/O unit=kb:bytessent,,,,,true,,0,0,0,0,null,0,0,0,152067,152525
1626730318239,0,localhost Network I/O unit=mb:bytesrecv,,,,,true,,0,0,0,0,null,0,0,0,152067,152067
1626730319239,170188,localhost Network I/O unit=kb:bytessent,,,,,true,,0,0,0,0,null,0,0,0,153067,323255
1626730319239,8596,localhost Network I/O unit=mb:bytesrecv,,,,,true,,0,0,0,0,null,0,0,0,153067,161663
1626730320240,6059,localhost Network I/O unit=kb:bytessent,,,,,true,,0,0,0,0,null,0,0,0,154068,160127
1626730320240,8,localhost Network I/O unit=mb:bytesrecv,,,,,true,,0,0,0,0,null,0,0,0,154068,154076
1626730321240,8527,localhost Network I/O unit=kb:bytessent,,,,,true,,0,0,0,0,null,0,0,0,155068,163595
1626730321240,4,localhost Network I/O unit=mb:bytesrecv,,,,,true,,0,0,0,0,null,0,0,0,155068,155072
1626730322240,116417,localhost Network I/O unit=kb:bytessent,,,,,true,,0,0,0,0,null,0,0,0,156068,272485
1626730322241,16241,localhost Network I/O unit=mb:bytesrecv,,,,,true,,0,0,0,0,null,0,0,0,156069,172310
1626730323241,470,localhost Network I/O unit=kb:bytessent,,,,,true,,0,0,0,0,null,0,0,0,157069,157539
1626730323241,0,localhost Network I/O unit=mb:bytesrecv,,,,,true,,0,0,0,0,null,0,0,0,157069,157069
1626730324241,163261,localhost Network I/O unit=kb:bytessent,,,,,true,,0,0,0,0,null,0,0,0,158069,321330
1626730324241,1946,localhost Network I/O unit=mb:bytesrecv,,,,,true,,0,0,0,0,null,0,0,0,158069,160015
1626730325242,118980,localhost Network I/O unit=kb:bytessent,,,,,true,,0,0,0,0,null,0,0,0,159070,278050
1626730325242,1020,localhost Network I/O unit=mb:bytesrecv,,,,,true,,0,0,0,0,null,0,0,0,159070,160090
1626730326242,161111,localhost Network I/O unit=kb:bytessent,,,,,true,,0,0,0,0,null,0,0,0,160070,321181
1626730326242,476,localhost Network I/O unit=mb:bytesrecv,,,,,true,,0,0,0,0,null,0,0,0,160070,160546
1626730327242,2459,localhost Network I/O unit=kb:bytessent,,,,,true,,0,0,0,0,null,0,0,0,161070,163529
1626730327242,482,localhost Network I/O unit=mb:bytesrecv,,,,,true,,0,0,0,0,null,0,0,0,161070,161552
1626730328242,471,localhost Network I/O unit=kb:bytessent,,,,,true,,0,0,0,0,null,0,0,0,162070,162541
1626730328242,0,localhost Network I/O unit=mb:bytesrecv,,,,,true,,0,0,0,0,null,0,0,0,162070,162070
1626730329243,471,localhost Network I/O unit=kb:bytessent,,,,,true,,0,0,0,0,null,0,0,0,163071,163542
1626730329243,0,localhost Network I/O unit=mb:bytesrecv,,,,,true,,0,0,0,0,null,0,0,0,163071,163071
1626730330243,20060,localhost Network I/O unit=kb:bytessent,,,,,true,,0,0,0,0,null,0,0,0,164071,184131
1626730330243,199,localhost Network I/O unit=mb:bytesrecv,,,,,true,,0,0,0,0,null,0,0,0,164071,164270
1626730331243,472,localhost Network I/O unit=kb:bytessent,,,,,true,,0,0,0,0,null,0,0,0,165071,165543
1626730331243,0,localhost Network I/O unit=mb:bytesrecv,,,,,true,,0,0,0,0,null,0,0,0,165071,165071
1626730332244,471,localhost Network I/O unit=kb:bytessent,,,,,true,,0,0,0,0,null,0,0,0,166072,166543
1626730332244,0,localhost Network I/O unit=mb:bytesrecv,,,,,true,,0,0,0,0,null,0,0,0,166072,166072
1626730333244,548,localhost Network I/O unit=kb:bytessent,,,,,true,,0,0,0,0,null,0,0,0,167072,167620
1626730333244,0,localhost Network I/O unit=mb:bytesrecv,,,,,true,,0,0,0,0,null,0,0,0,167072,167072
1626730334245,769,localhost Network I/O unit=kb:bytessent,,,,,true,,0,0,0,0,null,0,0,0,168073,168842
1626730334245,4,localhost Network I/O unit=mb:bytesrecv,,,,,true,,0,0,0,0,null,0,0,0,168073,168077
1626730335245,380965,localhost Network I/O unit=kb:bytessent,,,,,true,,0,0,0,0,null,0,0,0,169073,550038
1626730335245,8,localhost Network I/O unit=mb:bytesrecv,,,,,true,,0,0,0,0,null,0,0,0,169073,169081
1626730336245,189950,localhost Network I/O unit=kb:bytessent,,,,,true,,0,0,0,0,null,0,0,0,170073,360023
1626730336245,8598,localhost Network I/O unit=mb:bytesrecv,,,,,true,,0,0,0,0,null,0,0,0,170073,178671
1626730337246,6061,localhost Network I/O unit=kb:bytessent,,,,,true,,0,0,0,0,null,0,0,0,171074,177135
1626730337246,8,localhost Network I/O unit=mb:bytesrecv,,,,,true,,0,0,0,0,null,0,0,0,171074,171082
1626730338246,6339,localhost Network I/O unit=kb:bytessent,,,,,true,,0,0,0,0,null,0,0,0,172074,178413
1626730338246,4,localhost Network I/O unit=mb:bytesrecv,,,,,true,,0,0,0,0,null,0,0,0,172074,172078
1626730339246,86564,localhost Network I/O unit=kb:bytessent,,,,,true,,0,0,0,0,null,0,0,0,173074,259638
1626730339246,16246,localhost Network I/O unit=mb:bytesrecv,,,,,true,,0,0,0,0,null,0,0,0,173074,189320
1626730340246,543,localhost Network I/O unit=kb:bytessent,,,,,true,,0,0,0,0,null,0,0,0,174074,174617
1626730340247,0,localhost Network I/O unit=mb:bytesrecv,,,,,true,,0,0,0,0,null,0,0,0,174075,174075
1626730341247,272785,localhost Network I/O unit=kb:bytessent,,,,,true,,0,0,0,0,null,0,0,0,175075,447860
1626730341247,2227,localhost Network I/O unit=mb:bytesrecv,,,,,true,,0,0,0,0,null,0,0,0,175075,177302
1626730342247,138853,localhost Network I/O unit=kb:bytessent,,,,,true,,0,0,0,0,null,0,0,0,176075,314928
1626730342247,973,localhost Network I/O unit=mb:bytesrecv,,,,,true,,0,0,0,0,null,0,0,0,176075,177048
1626730343248,4500,localhost Network I/O unit=kb:bytessent,,,,,true,,0,0,0,0,null,0,0,0,177076,181576
1626730343248,802,localhost Network I/O unit=mb:bytesrecv,,,,,true,,0,0,0,0,null,0,0,0,177076,177878
1626730344248,845,localhost Network I/O unit=kb:bytessent,,,,,true,,0,0,0,0,null,0,0,0,178076,178921
1626730344248,1,localhost Network I/O unit=mb:bytesrecv,,,,,true,,0,0,0,0,null,0,0,0,178076,178077
1626730345248,473,localhost Network I/O unit=kb:bytessent,,,,,true,,0,0,0,0,null,0,0,0,179076,179549
1626730345248,0,localhost Network I/O unit=mb:bytesrecv,,,,,true,,0,0,0,0,null,0,0,0,179076,179076
1626730346249,460,localhost Network I/O unit=kb:bytessent,,,,,true,,0,0,0,0,null,0,0,0,180077,180537
1626730346249,0,localhost Network I/O unit=mb:bytesrecv,,,,,true,,0,0,0,0,null,0,0,0,180077,180077
1626730347249,20056,localhost Network I/O unit=kb:bytessent,,,,,true,,0,0,0,0,null,0,0,0,181077,201133
1626730347249,199,localhost Network I/O unit=mb:bytesrecv,,,,,true,,0,0,0,0,null,0,0,0,181077,181276
1626730348250,467,localhost Network I/O unit=kb:bytessent,,,,,true,,0,0,0,0,null,0,0,0,182078,182545
1626730348250,0,localhost Network I/O unit=mb:bytesrecv,,,,,true,,0,0,0,0,null,0,0,0,182078,182078
1626730349250,470,localhost Network I/O unit=kb:bytessent,,,,,true,,0,0,0,0,null,0,0,0,183078,183548
1626730349250,0,localhost Network I/O unit=mb:bytesrecv,,,,,true,,0,0,0,0,null,0,0,0,183078,183078
1626730350250,596,localhost Network I/O unit=kb:bytessent,,,,,true,,0,0,0,0,null,0,0,0,184078,184674
1626730350250,0,localhost Network I/O unit=mb:bytesrecv,,,,,true,,0,0,0,0,null,0,0,0,184078,184078
1626730351251,68598,localhost Network I/O unit=kb:bytessent,,,,,true,,0,0,0,0,null,0,0,0,185079,253677
1626730351251,6,localhost Network I/O unit=mb:bytesrecv,,,,,true,,0,0,0,0,null,0,0,0,185079,185085
1626730352251,476,localhost Network I/O unit=kb:bytessent,,,,,true,,0,0,0,0,null,0,0,0,186079,186555
1626730352251,0,localhost Network I/O unit=mb:bytesrecv,,,,,true,,0,0,0,0,null,0,0,0,186079,186079
1626730353252,157086,localhost Network I/O unit=kb:bytessent,,,,,true,,0,0,0,0,null,0,0,0,187080,344166
1626730353252,8596,localhost Network I/O unit=mb:bytesrecv,,,,,true,,0,0,0,0,null,0,0,0,187080,195676
1626730354252,6060,localhost Network I/O unit=kb:bytessent,,,,,true,,0,0,0,0,null,0,0,0,188080,194140
1626730354252,8,localhost Network I/O unit=mb:bytesrecv,,,,,true,,0,0,0,0,null,0,0,0,188080,188088
1626730355252,6287,localhost Network I/O unit=kb:bytessent,,,,,true,,0,0,0,0,null,0,0,0,189080,195367
1626730355252,4,localhost Network I/O unit=mb:bytesrecv,,,,,true,,0,0,0,0,null,0,0,0,189080,189084
1626730356253,111078,localhost Network I/O unit=kb:bytessent,,,,,true,,0,0,0,0,null,0,0,0,190081,301159
1626730356253,16243,localhost Network I/O unit=mb:bytesrecv,,,,,true,,0,0,0,0,null,0,0,0,190081,206324
1626730357253,468,localhost Network I/O unit=kb:bytessent,,,,,true,,0,0,0,0,null,0,0,0,191081,191549
1626730357253,0,localhost Network I/O unit=mb:bytesrecv,,,,,true,,0,0,0,0,null,0,0,0,191081,191081
1626730358254,236510,localhost Network I/O unit=kb:bytessent,,,,,true,,0,0,0,0,null,0,0,0,192082,428592
1626730358254,2047,localhost Network I/O unit=mb:bytesrecv,,,,,true,,0,0,0,0,null,0,0,0,192082,194129
1626730359254,226652,localhost Network I/O unit=kb:bytessent,,,,,true,,0,0,0,0,null,0,0,0,193082,419734
1626730359254,1072,localhost Network I/O unit=mb:bytesrecv,,,,,true,,0,0,0,0,null,0,0,0,193082,194154
1626730360254,2883,localhost Network I/O unit=kb:bytessent,,,,,true,,0,0,0,0,null,0,0,0,194082,196965
1626730360254,499,localhost Network I/O unit=mb:bytesrecv,,,,,true,,0,0,0,0,null,0,0,0,194082,194581
1626730361255,1775,localhost Network I/O unit=kb:bytessent,,,,,true,,0,0,0,0,null,0,0,0,195083,196858
1626730361255,305,localhost Network I/O unit=mb:bytesrecv,,,,,true,,0,0,0,0,null,0,0,0,195083,195388
1626730362255,470,localhost Network I/O unit=kb:bytessent,,,,,true,,0,0,0,0,null,0,0,0,196083,196553
1626730362255,0,localhost Network I/O unit=mb:bytesrecv,,,,,true,,0,0,0,0,null,0,0,0,196083,196083
1626730363256,472,localhost Network I/O unit=kb:bytessent,,,,,true,,0,0,0,0,null,0,0,0,197084,197556
1626730363256,0,localhost Network I/O unit=mb:bytesrecv,,,,,true,,0,0,0,0,null,0,0,0,197084,197084
1626730364256,18873,localhost Network I/O unit=kb:bytessent,,,,,true,,0,0,0,0,null,0,0,0,198084,216957
1626730364256,181,localhost Network I/O unit=mb:bytesrecv,,,,,true,,0,0,0,0,null,0,0,0,198084,198265
1626730365256,377618,localhost Network I/O unit=kb:bytessent,,,,,true,,0,0,0,0,null,0,0,0,199084,576702
1626730365256,26,localhost Network I/O unit=mb:bytesrecv,,,,,true,,0,0,0,0,null,0,0,0,199084,199110
1626730366257,474,localhost Network I/O unit=kb:bytessent,,,,,true,,0,0,0,0,null,0,0,0,200085,200559
1626730366257,0,localhost Network I/O unit=mb:bytesrecv,,,,,true,,0,0,0,0,null,0,0,0,200085,200085
1626730367257,600,localhost Network I/O unit=kb:bytessent,,,,,true,,0,0,0,0,null,0,0,0,201085,201685
1626730367257,0,localhost Network I/O unit=mb:bytesrecv,,,,,true,,0,0,0,0,null,0,0,0,201085,201085
1626730368257,771,localhost Network I/O unit=kb:bytessent,,,,,true,,0,0,0,0,null,0,0,0,202085,202856
1626730368258,4,localhost Network I/O unit=mb:bytesrecv,,,,,true,,0,0,0,0,null,0,0,0,202086,202090
1626730369258,472,localhost Network I/O unit=kb:bytessent,,,,,true,,0,0,0,0,null,0,0,0,203086,203558
1626730369258,0,localhost Network I/O unit=mb:bytesrecv,,,,,true,,0,0,0,0,null,0,0,0,203086,203086
1626730370258,109589,localhost Network I/O unit=kb:bytessent,,,,,true,,0,0,0,0,null,0,0,0,204086,313675
1626730370258,8595,localhost Network I/O unit=mb:bytesrecv,,,,,true,,0,0,0,0,null,0,0,0,204086,212681
1626730371259,5761,localhost Network I/O unit=kb:bytessent,,,,,true,,0,0,0,0,null,0,0,0,205087,210848
1626730371259,5,localhost Network I/O unit=mb:bytesrecv,,,,,true,,0,0,0,0,null,0,0,0,205087,205092
1626730372259,5173,localhost Network I/O unit=kb:bytessent,,,,,true,,0,0,0,0,null,0,0,0,206087,211260
1626730372259,6,localhost Network I/O unit=mb:bytesrecv,,,,,true,,0,0,0,0,null,0,0,0,206087,206093
1626730373259,81417,localhost Network I/O unit=kb:bytessent,,,,,true,,0,0,0,0,null,0,0,0,207087,288504
1626730373259,16244,localhost Network I/O unit=mb:bytesrecv,,,,,true,,0,0,0,0,null,0,0,0,207087,223331
1626730374260,469,localhost Network I/O unit=kb:bytessent,,,,,true,,0,0,0,0,null,0,0,0,208088,208557
1626730374260,0,localhost Network I/O unit=mb:bytesrecv,,,,,true,,0,0,0,0,null,0,0,0,208088,208088
1626730375260,203824,localhost Network I/O unit=kb:bytessent,,,,,true,,0,0,0,0,null,0,0,0,209088,412912
1626730375260,1963,localhost Network I/O unit=mb:bytesrecv,,,,,true,,0,0,0,0,null,0,0,0,209088,211051
1626730376260,133487,localhost Network I/O unit=kb:bytessent,,,,,true,,0,0,0,0,null,0,0,0,210088,343575
1626730376260,1040,localhost Network I/O unit=mb:bytesrecv,,,,,true,,0,0,0,0,null,0,0,0,210088,211128
1626730377261,83059,localhost Network I/O unit=kb:bytessent,,,,,true,,0,0,0,0,null,0,0,0,211089,294148
1626730377261,438,localhost Network I/O unit=mb:bytesrecv,,,,,true,,0,0,0,0,null,0,0,0,211089,211527
1626730378261,2653,localhost Network I/O unit=kb:bytessent,,,,,true,,0,0,0,0,null,0,0,0,212089,214742
1626730378261,482,localhost Network I/O unit=mb:bytesrecv,,,,,true,,0,0,0,0,null,0,0,0,212089,212571
1626730379261,472,localhost Network I/O unit=kb:bytessent,,,,,true,,0,0,0,0,null,0,0,0,213089,213561
1626730379262,0,localhost Network I/O unit=mb:bytesrecv,,,,,true,,0,0,0,0,null,0,0,0,213090,213090
1626730380262,471,localhost Network I/O unit=kb:bytessent,,,,,true,,0,0,0,0,null,0,0,0,214090,214561
1626730380262,0,localhost Network I/O unit=mb:bytesrecv,,,,,true,,0,0,0,0,null,0,0,0,214090,214090
1626730381262,57843,localhost Network I/O unit=kb:bytessent,,,,,true,,0,0,0,0,null,0,0,0,215090,272933
1626730381262,180,localhost Network I/O unit=mb:bytesrecv,,,,,true,,0,0,0,0,null,0,0,0,215090,215270
1626730382263,33037,localhost Network I/O unit=kb:bytessent,,,,,true,,0,0,0,0,null,0,0,0,216091,249128
1626730382263,21,localhost Network I/O unit=mb:bytesrecv,,,,,true,,0,0,0,0,null,0,0,0,216091,216112
1626730383263,473,localhost Network I/O unit=kb:bytessent,,,,,true,,0,0,0,0,null,0,0,0,217091,217564
1626730383263,1,localhost Network I/O unit=mb:bytesrecv,,,,,true,,0,0,0,0,null,0,0,0,217091,217092
1626730384264,550,localhost Network I/O unit=kb:bytessent,,,,,true,,0,0,0,0,null,0,0,0,218092,218642
1626730384264,0,localhost Network I/O unit=mb:bytesrecv,,,,,true,,0,0,0,0,null,0,0,0,218092,218092
1626730385264,471,localhost Network I/O unit=kb:bytessent,,,,,true,,0,0,0,0,null,0,0,0,219092,219563
1626730385264,0,localhost Network I/O unit=mb:bytesrecv,,,,,true,,0,0,0,0,null,0,0,0,219092,219092
1626730386264,770,localhost Network I/O unit=kb:bytessent,,,,,true,,0,0,0,0,null,0,0,0,220092,220862
1626730386264,4,localhost Network I/O unit=mb:bytesrecv,,,,,true,,0,0,0,0,null,0,0,0,220092,220096
1626730387265,162853,localhost Network I/O unit=kb:bytessent,,,,,true,,0,0,0,0,null,0,0,0,221093,383946
1626730387265,8596,localhost Network I/O unit=mb:bytesrecv,,,,,true,,0,0,0,0,null,0,0,0,221093,229689
1626730388265,5763,localhost Network I/O unit=kb:bytessent,,,,,true,,0,0,0,0,null,0,0,0,222093,227856
1626730388265,5,localhost Network I/O unit=mb:bytesrecv,,,,,true,,0,0,0,0,null,0,0,0,222093,222098
1626730389265,6417,localhost Network I/O unit=kb:bytessent,,,,,true,,0,0,0,0,null,0,0,0,223093,229510
1626730389265,4,localhost Network I/O unit=mb:bytesrecv,,,,,true,,0,0,0,0,null,0,0,0,223093,223097
1626730390266,91065,localhost Network I/O unit=kb:bytessent,,,,,true,,0,0,0,0,null,0,0,0,224094,315159
1626730390266,16248,localhost Network I/O unit=mb:bytesrecv,,,,,true,,0,0,0,0,null,0,0,0,224094,240342
1626730391266,456,localhost Network I/O unit=kb:bytessent,,,,,true,,0,0,0,0,null,0,0,0,225094,225550
1626730391266,0,localhost Network I/O unit=mb:bytesrecv,,,,,true,,0,0,0,0,null,0,0,0,225094,225094
1626730392266,196054,localhost Network I/O unit=kb:bytessent,,,,,true,,0,0,0,0,null,0,0,0,226094,422148
1626730392267,1962,localhost Network I/O unit=mb:bytesrecv,,,,,true,,0,0,0,0,null,0,0,0,226095,228057
1626730393267,157933,localhost Network I/O unit=kb:bytessent,,,,,true,,0,0,0,0,null,0,0,0,227095,385028
1626730393267,1041,localhost Network I/O unit=mb:bytesrecv,,,,,true,,0,0,0,0,null,0,0,0,227095,228136
1626730394267,89978,localhost Network I/O unit=kb:bytessent,,,,,true,,0,0,0,0,null,0,0,0,228095,318073
1626730394267,600,localhost Network I/O unit=mb:bytesrecv,,,,,true,,0,0,0,0,null,0,0,0,228095,228695
1626730395268,378186,localhost Network I/O unit=kb:bytessent,,,,,true,,0,0,0,0,null,0,0,0,229096,607282
1626730395268,328,localhost Network I/O unit=mb:bytesrecv,,,,,true,,0,0,0,0,null,0,0,0,229096,229424
1626730396268,467,localhost Network I/O unit=kb:bytessent,,,,,true,,0,0,0,0,null,0,0,0,230096,230563
1626730396268,0,localhost Network I/O unit=mb:bytesrecv,,,,,true,,0,0,0,0,null,0,0,0,230096,230096
1626730397268,472,localhost Network I/O unit=kb:bytessent,,,,,true,,0,0,0,0,null,0,0,0,231096,231568
1626730397268,0,localhost Network I/O unit=mb:bytesrecv,,,,,true,,0,0,0,0,null,0,0,0,231096,231096
1626730398269,19467,localhost Network I/O unit=kb:bytessent,,,,,true,,0,0,0,0,null,0,0,0,232097,251564
1626730398269,186,localhost Network I/O unit=mb:bytesrecv,,,,,true,,0,0,0,0,null,0,0,0,232097,232283
1626730399269,1132,localhost Network I/O unit=kb:bytessent,,,,,true,,0,0,0,0,null,0,0,0,233097,234229
1626730399269,12,localhost Network I/O unit=mb:bytesrecv,,,,,true,,0,0,0,0,null,0,0,0,233097,233109
1626730400270,470,localhost Network I/O unit=kb:bytessent,,,,,true,,0,0,0,0,null,0,0,0,234098,234568
1626730400270,0,localhost Network I/O unit=mb:bytesrecv,,,,,true,,0,0,0,0,null,0,0,0,234098,234098
1626730401270,548,localhost Network I/O unit=kb:bytessent,,,,,true,,0,0,0,0,null,0,0,0,235098,235646
1626730401270,0,localhost Network I/O unit=mb:bytesrecv,,,,,true,,0,0,0,0,null,0,0,0,235098,235098
1626730402270,769,localhost Network I/O unit=kb:bytessent,,,,,true,,0,0,0,0,null,0,0,0,236098,236867
1626730402270,4,localhost Network I/O unit=mb:bytesrecv,,,,,true,,0,0,0,0,null,0,0,0,236098,236102
1626730403271,459,localhost Network I/O unit=kb:bytessent,,,,,true,,0,0,0,0,null,0,0,0,237099,237558
1626730403271,0,localhost Network I/O unit=mb:bytesrecv,,,,,true,,0,0,0,0,null,0,0,0,237099,237099
1626730404271,113204,localhost Network I/O unit=kb:bytessent,,,,,true,,0,0,0,0,null,0,0,0,238099,351303
1626730404271,8595,localhost Network I/O unit=mb:bytesrecv,,,,,true,,0,0,0,0,null,0,0,0,238099,246694
1626730405271,5764,localhost Network I/O unit=kb:bytessent,,,,,true,,0,0,0,0,null,0,0,0,239099,244863
1626730405271,5,localhost Network I/O unit=mb:bytesrecv,,,,,true,,0,0,0,0,null,0,0,0,239099,239104
1626730406272,4894,localhost Network I/O unit=kb:bytessent,,,,,true,,0,0,0,0,null,0,0,0,240100,244994
1626730406272,3,localhost Network I/O unit=mb:bytesrecv,,,,,true,,0,0,0,0,null,0,0,0,240100,240103
1626730407272,109543,localhost Network I/O unit=kb:bytessent,,,,,true,,0,0,0,0,null,0,0,0,241100,350643
1626730407272,16248,localhost Network I/O unit=mb:bytesrecv,,,,,true,,0,0,0,0,null,0,0,0,241100,257348
1626730408273,4376,localhost Network I/O unit=kb:bytessent,,,,,true,,0,0,0,0,null,0,0,0,242101,246477
1626730408273,1138,localhost Network I/O unit=mb:bytesrecv,,,,,true,,0,0,0,0,null,0,0,0,242101,243239
1626730409273,224972,localhost Network I/O unit=kb:bytessent,,,,,true,,0,0,0,0,null,0,0,0,243101,468073
1626730409273,1012,localhost Network I/O unit=mb:bytesrecv,,,,,true,,0,0,0,0,null,0,0,0,243101,244113
1626730410273,108168,localhost Network I/O unit=kb:bytessent,,,,,true,,0,0,0,0,null,0,0,0,244101,352269
1626730410273,972,localhost Network I/O unit=mb:bytesrecv,,,,,true,,0,0,0,0,null,0,0,0,244101,245073
1626730411274,40613,localhost Network I/O unit=kb:bytessent,,,,,true,,0,0,0,0,null,0,0,0,245102,285715
1626730411274,803,localhost Network I/O unit=mb:bytesrecv,,,,,true,,0,0,0,0,null,0,0,0,245102,245905
1626730412274,469,localhost Network I/O unit=kb:bytessent,,,,,true,,0,0,0,0,null,0,0,0,246102,246571
1626730412274,0,localhost Network I/O unit=mb:bytesrecv,,,,,true,,0,0,0,0,null,0,0,0,246102,246102
1626730413275,468,localhost Network I/O unit=kb:bytessent,,,,,true,,0,0,0,0,null,0,0,0,247103,247571
1626730413275,0,localhost Network I/O unit=mb:bytesrecv,,,,,true,,0,0,0,0,null,0,0,0,247103,247103
1626730414275,761,localhost Network I/O unit=kb:bytessent,,,,,true,,0,0,0,0,null,0,0,0,248103,248864
1626730414275,3,localhost Network I/O unit=mb:bytesrecv,,,,,true,,0,0,0,0,null,0,0,0,248103,248106
1626730415275,20126,localhost Network I/O unit=kb:bytessent,,,,,true,,0,0,0,0,null,0,0,0,249103,269229
1626730415275,199,localhost Network I/O unit=mb:bytesrecv,,,,,true,,0,0,0,0,null,0,0,0,249103,249302
1626730416276,471,localhost Network I/O unit=kb:bytessent,,,,,true,,0,0,0,0,null,0,0,0,250104,250575
1626730416276,0,localhost Network I/O unit=mb:bytesrecv,,,,,true,,0,0,0,0,null,0,0,0,250104,250104
1626730417276,602,localhost Network I/O unit=kb:bytessent,,,,,true,,0,0,0,0,null,0,0,0,251104,251706
1626730417276,0,localhost Network I/O unit=mb:bytesrecv,,,,,true,,0,0,0,0,null,0,0,0,251104,251104
1626730418276,472,localhost Network I/O unit=kb:bytessent,,,,,true,,0,0,0,0,null,0,0,0,252104,252576
1626730418276,0,localhost Network I/O unit=mb:bytesrecv,,,,,true,,0,0,0,0,null,0,0,0,252104,252104
1626730419277,767,localhost Network I/O unit=kb:bytessent,,,,,true,,0,0,0,0,null,0,0,0,253105,253872
1626730419277,4,localhost Network I/O unit=mb:bytesrecv,,,,,true,,0,0,0,0,null,0,0,0,253105,253109
1626730420277,473,localhost Network I/O unit=kb:bytessent,,,,,true,,0,0,0,0,null,0,0,0,254105,254578
1626730420277,0,localhost Network I/O unit=mb:bytesrecv,,,,,true,,0,0,0,0,null,0,0,0,254105,254105
1626730421278,473,localhost Network I/O unit=kb:bytessent,,,,,true,,0,0,0,0,null,0,0,0,255106,255579
1626730421278,0,localhost Network I/O unit=mb:bytesrecv,,,,,true,,0,0,0,0,null,0,0,0,255106,255106
1626730422278,473,localhost Network I/O unit=kb:bytessent,,,,,true,,0,0,0,0,null,0,0,0,256106,256579
1626730422278,0,localhost Network I/O unit=mb:bytesrecv,,,,,true,,0,0,0,0,null,0,0,0,256106,256106
1626730423278,770,localhost Network I/O unit=kb:bytessent,,,,,true,,0,0,0,0,null,0,0,0,257106,257876
1626730423278,3,localhost Network I/O unit=mb:bytesrecv,,,,,true,,0,0,0,0,null,0,0,0,257106,257109
1626730424279,473,localhost Network I/O unit=kb:bytessent,,,,,true,,0,0,0,0,null,0,0,0,258107,258580
1626730424279,0,localhost Network I/O unit=mb:bytesrecv,,,,,true,,0,0,0,0,null,0,0,0,258107,258107
1626730425279,378977,localhost Network I/O unit=kb:bytessent,,,,,true,,0,0,0,0,null,0,0,0,259107,638084
1626730425279,9,localhost Network I/O unit=mb:bytesrecv,,,,,true,,0,0,0,0,null,0,0,0,259107,259116
1626730426280,474,localhost Network I/O unit=kb:bytessent,,,,,true,,0,0,0,0,null,0,0,0,260108,260582
1626730426280,0,localhost Network I/O unit=mb:bytesrecv,,,,,true,,0,0,0,0,null,0,0,0,260108,260108
1626730427280,471,localhost Network I/O unit=kb:bytessent,,,,,true,,0,0,0,0,null,0,0,0,261108,261579
1626730427280,0,localhost Network I/O unit=mb:bytesrecv,,,,,true,,0,0,0,0,null,0,0,0,261108,261108
1626730428280,679,localhost Network I/O unit=kb:bytessent,,,,,true,,0,0,0,0,null,0,0,0,262108,262787
1626730428280,0,localhost Network I/O unit=mb:bytesrecv,,,,,true,,0,0,0,0,null,0,0,0,262108,262108
1626730429281,677,localhost Network I/O unit=kb:bytessent,,,,,true,,0,0,0,0,null,0,0,0,263109,263786
1626730429281,0,localhost Network I/O unit=mb:bytesrecv,,,,,true,,0,0,0,0,null,0,0,0,263109,263109
1626730430281,675,localhost Network I/O unit=kb:bytessent,,,,,true,,0,0,0,0,null,0,0,0,264109,264784
1626730430281,0,localhost Network I/O unit=mb:bytesrecv,,,,,true,,0,0,0,0,null,0,0,0,264109,264109
1626730431282,679,localhost Network I/O unit=kb:bytessent,,,,,true,,0,0,0,0,null,0,0,0,265110,265789
1626730431282,0,localhost Network I/O unit=mb:bytesrecv,,,,,true,,0,0,0,0,null,0,0,0,265110,265110
1626730432282,469,localhost Network I/O unit=kb:bytessent,,,,,true,,0,0,0,0,null,0,0,0,266110,266579
1626730432282,0,localhost Network I/O unit=mb:bytesrecv,,,,,true,,0,0,0,0,null,0,0,0,266110,266110
1626730433282,473,localhost Network I/O unit=kb:bytessent,,,,,true,,0,0,0,0,null,0,0,0,267110,267583
1626730433282,0,localhost Network I/O unit=mb:bytesrecv,,,,,true,,0,0,0,0,null,0,0,0,267110,267110
1626730434283,601,localhost Network I/O unit=kb:bytessent,,,,,true,,0,0,0,0,null,0,0,0,268111,268712
1626730434283,0,localhost Network I/O unit=mb:bytesrecv,,,,,true,,0,0,0,0,null,0,0,0,268111,268111
1626730435283,456,localhost Network I/O unit=kb:bytessent,,,,,true,,0,0,0,0,null,0,0,0,269111,269567
1626730435283,0,localhost Network I/O unit=mb:bytesrecv,,,,,true,,0,0,0,0,null,0,0,0,269111,269111
1626730436283,473,localhost Network I/O unit=kb:bytessent,,,,,true,,0,0,0,0,null,0,0,0,270111,270584
1626730436283,0,localhost Network I/O unit=mb:bytesrecv,,,,,true,,0,0,0,0,null,0,0,0,270111,270111
1626730437284,473,localhost Network I/O unit=kb:bytessent,,,,,true,,0,0,0,0,null,0,0,0,271112,271585
1626730437284,0,localhost Network I/O unit=mb:bytesrecv,,,,,true,,0,0,0,0,null,0,0,0,271112,271112
1626730438284,473,localhost Network I/O unit=kb:bytessent,,,,,true,,0,0,0,0,null,0,0,0,272112,272585
1626730438284,0,localhost Network I/O unit=mb:bytesrecv,,,,,true,,0,0,0,0,null,0,0,0,272112,272112
1626730439285,473,localhost Network I/O unit=kb:bytessent,,,,,true,,0,0,0,0,null,0,0,0,273113,273586
1626730439285,0,localhost Network I/O unit=mb:bytesrecv,,,,,true,,0,0,0,0,null,0,0,0,273113,273113
1626730440285,473,localhost Network I/O unit=kb:bytessent,,,,,true,,0,0,0,0,null,0,0,0,274113,274586
1626730440285,0,localhost Network I/O unit=mb:bytesrecv,,,,,true,,0,0,0,0,null,0,0,0,274113,274113
1626730441285,2602,localhost Network I/O unit=kb:bytessent,,,,,true,,0,0,0,0,null,0,0,0,275113,277715
1626730441286,0,localhost Network I/O unit=mb:bytesrecv,,,,,true,,0,0,0,0,null,0,0,0,275114,275114
1626730442286,473,localhost Network I/O unit=kb:bytessent,,,,,true,,0,0,0,0,null,0,0,0,276114,276587
1626730442286,0,localhost Network I/O unit=mb:bytesrecv,,,,,true,,0,0,0,0,null,0,0,0,276114,276114
1626730443286,473,localhost Network I/O unit=kb:bytessent,,,,,true,,0,0,0,0,null,0,0,0,277114,277587
1626730443286,0,localhost Network I/O unit=mb:bytesrecv,,,,,true,,0,0,0,0,null,0,0,0,277114,277114
1626730444287,460,localhost Network I/O unit=kb:bytessent,,,,,true,,0,0,0,0,null,0,0,0,278115,278575
1626730444287,0,localhost Network I/O unit=mb:bytesrecv,,,,,true,,0,0,0,0,null,0,0,0,278115,278115
1626730445287,471,localhost Network I/O unit=kb:bytessent,,,,,true,,0,0,0,0,null,0,0,0,279115,279586
1626730445287,0,localhost Network I/O unit=mb:bytesrecv,,,,,true,,0,0,0,0,null,0,0,0,279115,279115
1626730446288,472,localhost Network I/O unit=kb:bytessent,,,,,true,,0,0,0,0,null,0,0,0,280116,280588
1626730446288,0,localhost Network I/O unit=mb:bytesrecv,,,,,true,,0,0,0,0,null,0,0,0,280116,280116
1626730447288,470,localhost Network I/O unit=kb:bytessent,,,,,true,,0,0,0,0,null,0,0,0,281116,281586
1626730447288,0,localhost Network I/O unit=mb:bytesrecv,,,,,true,,0,0,0,0,null,0,0,0,281116,281116
1626730448288,457,localhost Network I/O unit=kb:bytessent,,,,,true,,0,0,0,0,null,0,0,0,282116,282573
1626730448288,0,localhost Network I/O unit=mb:bytesrecv,,,,,true,,0,0,0,0,null,0,0,0,282116,282116
1626730449289,468,localhost Network I/O unit=kb:bytessent,,,,,true,,0,0,0,0,null,0,0,0,283117,283585
1626730449289,0,localhost Network I/O unit=mb:bytesrecv,,,,,true,,0,0,0,0,null,0,0,0,283117,283117
1626730450289,469,localhost Network I/O unit=kb:bytessent,,,,,true,,0,0,0,0,null,0,0,0,284117,284586
1626730450289,0,localhost Network I/O unit=mb:bytesrecv,,,,,true,,0,0,0,0,null,0,0,0,284117,284117
1626730451289,473,localhost Network I/O unit=kb:bytessent,,,,,true,,0,0,0,0,null,0,0,0,285117,285590
1626730451289,1,localhost Network I/O unit=mb:bytesrecv,,,,,true,,0,0,0,0,null,0,0,0,285117,285118
1626730452290,549,localhost Network I/O unit=kb:bytessent,,,,,true,,0,0,0,0,null,0,0,0,286118,286667
1626730452290,0,localhost Network I/O unit=mb:bytesrecv,,,,,true,,0,0,0,0,null,0,0,0,286118,286118
1626730453290,473,localhost Network I/O unit=kb:bytessent,,,,,true,,0,0,0,0,null,0,0,0,287118,287591
1626730453290,0,localhost Network I/O unit=mb:bytesrecv,,,,,true,,0,0,0,0,null,0,0,0,287118,287118
1626730454291,473,localhost Network I/O unit=kb:bytessent,,,,,true,,0,0,0,0,null,0,0,0,288119,288592
1626730454291,0,localhost Network I/O unit=mb:bytesrecv,,,,,true,,0,0,0,0,null,0,0,0,288119,288119
1626730455291,379115,localhost Network I/O unit=kb:bytessent,,,,,true,,0,0,0,0,null,0,0,0,289119,668234
1626730455291,8,localhost Network I/O unit=mb:bytesrecv,,,,,true,,0,0,0,0,null,0,0,0,289119,289127
1626730456291,475,localhost Network I/O unit=kb:bytessent,,,,,true,,0,0,0,0,null,0,0,0,290119,290594
1626730456292,0,localhost Network I/O unit=mb:bytesrecv,,,,,true,,0,0,0,0,null,0,0,0,290120,290120
1626730457292,474,localhost Network I/O unit=kb:bytessent,,,,,true,,0,0,0,0,null,0,0,0,291120,291594
1626730457292,0,localhost Network I/O unit=mb:bytesrecv,,,,,true,,0,0,0,0,null,0,0,0,291120,291120
1626730458292,459,localhost Network I/O unit=kb:bytessent,,,,,true,,0,0,0,0,null,0,0,0,292120,292579
1626730458292,0,localhost Network I/O unit=mb:bytesrecv,,,,,true,,0,0,0,0,null,0,0,0,292120,292120
1626730459293,472,localhost Network I/O unit=kb:bytessent,,,,,true,,0,0,0,0,null,0,0,0,293121,293593
1626730459293,0,localhost Network I/O unit=mb:bytesrecv,,,,,true,,0,0,0,0,null,0,0,0,293121,293121
1626730460293,470,localhost Network I/O unit=kb:bytessent,,,,,true,,0,0,0,0,null,0,0,0,294121,294591
1626730460293,0,localhost Network I/O unit=mb:bytesrecv,,,,,true,,0,0,0,0,null,0,0,0,294121,294121
1626730461293,470,localhost Network I/O unit=kb:bytessent,,,,,true,,0,0,0,0,null,0,0,0,295121,295591
1626730461294,0,localhost Network I/O unit=mb:bytesrecv,,,,,true,,0,0,0,0,null,0,0,0,295122,295122
1626730462294,472,localhost Network I/O unit=kb:bytessent,,,,,true,,0,0,0,0,null,0,0,0,296122,296594
1626730462294,0,localhost Network I/O unit=mb:bytesrecv,,,,,true,,0,0,0,0,null,0,0,0,296122,296122
1626730463294,471,localhost Network I/O unit=kb:bytessent,,,,,true,,0,0,0,0,null,0,0,0,297122,297593
1626730463294,0,localhost Network I/O unit=mb:bytesrecv,,,,,true,,0,0,0,0,null,0,0,0,297122,297122
1626730464295,473,localhost Network I/O unit=kb:bytessent,,,,,true,,0,0,0,0,null,0,0,0,298123,298596
1626730464295,0,localhost Network I/O unit=mb:bytesrecv,,,,,true,,0,0,0,0,null,0,0,0,298123,298123
1626730465295,473,localhost Network I/O unit=kb:bytessent,,,,,true,,0,0,0,0,null,0,0,0,299123,299596
1626730465295,0,localhost Network I/O unit=mb:bytesrecv,,,,,true,,0,0,0,0,null,0,0,0,299123,299123
1626730466295,473,localhost Network I/O unit=kb:bytessent,,,,,true,,0,0,0,0,null,0,0,0,300123,300596
1626730466295,0,localhost Network I/O unit=mb:bytesrecv,,,,,true,,0,0,0,0,null,0,0,0,300123,300123
1626730467296,474,localhost Network I/O unit=kb:bytessent,,,,,true,,0,0,0,0,null,0,0,0,301124,301598
1626730467296,0,localhost Network I/O unit=mb:bytesrecv,,,,,true,,0,0,0,0,null,0,0,0,301124,301124
1626730468296,472,localhost Network I/O unit=kb:bytessent,,,,,true,,0,0,0,0,null,0,0,0,302124,302596
1626730468296,0,localhost Network I/O unit=mb:bytesrecv,,,,,true,,0,0,0,0,null,0,0,0,302124,302124
1626730469297,535,localhost Network I/O unit=kb:bytessent,,,,,true,,0,0,0,0,null,0,0,0,303125,303660
1626730469297,0,localhost Network I/O unit=mb:bytesrecv,,,,,true,,0,0,0,0,null,0,0,0,303125,303125
1626730470297,457,localhost Network I/O unit=kb:bytessent,,,,,true,,0,0,0,0,null,0,0,0,304125,304582
1626730470297,0,localhost Network I/O unit=mb:bytesrecv,,,,,true,,0,0,0,0,null,0,0,0,304125,304125
1626730471297,468,localhost Network I/O unit=kb:bytessent,,,,,true,,0,0,0,0,null,0,0,0,305125,305593
1626730471297,0,localhost Network I/O unit=mb:bytesrecv,,,,,true,,0,0,0,0,null,0,0,0,305125,305125
1626730472298,466,localhost Network I/O unit=kb:bytessent,,,,,true,,0,0,0,0,null,0,0,0,306126,306592
1626730472298,0,localhost Network I/O unit=mb:bytesrecv,,,,,true,,0,0,0,0,null,0,0,0,306126,306126
1626730473298,530,localhost Network I/O unit=kb:bytessent,,,,,true,,0,0,0,0,null,0,0,0,307126,307656
1626730473298,0,localhost Network I/O unit=mb:bytesrecv,,,,,true,,0,0,0,0,null,0,0,0,307126,307126
1626730474298,39300,localhost Network I/O unit=kb:bytessent,,,,,true,,0,0,0,0,null,0,0,0,308126,347426
1626730474299,1,localhost Network I/O unit=mb:bytesrecv,,,,,true,,0,0,0,0,null,0,0,0,308127,308128
1626730475299,473,localhost Network I/O unit=kb:bytessent,,,,,true,,0,0,0,0,null,0,0,0,309127,309600
1626730475299,0,localhost Network I/O unit=mb:bytesrecv,,,,,true,,0,0,0,0,null,0,0,0,309127,309127
1626730476299,471,localhost Network I/O unit=kb:bytessent,,,,,true,,0,0,0,0,null,0,0,0,310127,310598
1626730476299,0,localhost Network I/O unit=mb:bytesrecv,,,,,true,,0,0,0,0,null,0,0,0,310127,310127
1626730477300,458,localhost Network I/O unit=kb:bytessent,,,,,true,,0,0,0,0,null,0,0,0,311128,311586
1626730477300,0,localhost Network I/O unit=mb:bytesrecv,,,,,true,,0,0,0,0,null,0,0,0,311128,311128
1626730478300,472,localhost Network I/O unit=kb:bytessent,,,,,true,,0,0,0,0,null,0,0,0,312128,312600
1626730478300,0,localhost Network I/O unit=mb:bytesrecv,,,,,true,,0,0,0,0,null,0,0,0,312128,312128
1626730479300,470,localhost Network I/O unit=kb:bytessent,,,,,true,,0,0,0,0,null,0,0,0,313128,313598
1626730479300,0,localhost Network I/O unit=mb:bytesrecv,,,,,true,,0,0,0,0,null,0,0,0,313128,313128
1626730480301,469,localhost Network I/O unit=kb:bytessent,,,,,true,,0,0,0,0,null,0,0,0,314129,314598
1626730480301,0,localhost Network I/O unit=mb:bytesrecv,,,,,true,,0,0,0,0,null,0,0,0,314129,314129
1626730481301,456,localhost Network I/O unit=kb:bytessent,,,,,true,,0,0,0,0,null,0,0,0,315129,315585
1626730481301,0,localhost Network I/O unit=mb:bytesrecv,,,,,true,,0,0,0,0,null,0,0,0,315129,315129
1626730482301,473,localhost Network I/O unit=kb:bytessent,,,,,true,,0,0,0,0,null,0,0,0,316129,316602
1626730482301,0,localhost Network I/O unit=mb:bytesrecv,,,,,true,,0,0,0,0,null,0,0,0,316129,316129
1626730483302,470,localhost Network I/O unit=kb:bytessent,,,,,true,,0,0,0,0,null,0,0,0,317130,317600
1626730483302,0,localhost Network I/O unit=mb:bytesrecv,,,,,true,,0,0,0,0,null,0,0,0,317130,317130
1626730484302,472,localhost Network I/O unit=kb:bytessent,,,,,true,,0,0,0,0,null,0,0,0,318130,318602
1626730484302,0,localhost Network I/O unit=mb:bytesrecv,,,,,true,,0,0,0,0,null,0,0,0,318130,318130
1626730485303,383564,localhost Network I/O unit=kb:bytessent,,,,,true,,0,0,0,0,null,0,0,0,319131,702695
1626730485303,8,localhost Network I/O unit=mb:bytesrecv,,,,,true,,0,0,0,0,null,0,0,0,319131,319139
1626730486303,472,localhost Network I/O unit=kb:bytessent,,,,,true,,0,0,0,0,null,0,0,0,320131,320603
1626730486303,0,localhost Network I/O unit=mb:bytesrecv,,,,,true,,0,0,0,0,null,0,0,0,320131,320131
1626730487303,454,localhost Network I/O unit=kb:bytessent,,,,,true,,0,0,0,0,null,0,0,0,321131,321585
1626730487303,0,localhost Network I/O unit=mb:bytesrecv,,,,,true,,0,0,0,0,null,0,0,0,321131,321131
1626730488304,472,localhost Network I/O unit=kb:bytessent,,,,,true,,0,0,0,0,null,0,0,0,322132,322604
1626730488304,0,localhost Network I/O unit=mb:bytesrecv,,,,,true,,0,0,0,0,null,0,0,0,322132,322132
1626730489304,471,localhost Network I/O unit=kb:bytessent,,,,,true,,0,0,0,0,null,0,0,0,323132,323603
1626730489304,1,localhost Network I/O unit=mb:bytesrecv,,,,,true,,0,0,0,0,null,0,0,0,323132,323133
1626730490304,471,localhost Network I/O unit=kb:bytessent,,,,,true,,0,0,0,0,null,0,0,0,324132,324603
1626730490304,0,localhost Network I/O unit=mb:bytesrecv,,,,,true,,0,0,0,0,null,0,0,0,324132,324132
1626730491305,459,localhost Network I/O unit=kb:bytessent,,,,,true,,0,0,0,0,null,0,0,0,325133,325592
1626730491305,1,localhost Network I/O unit=mb:bytesrecv,,,,,true,,0,0,0,0,null,0,0,0,325133,325134
1626730492305,473,localhost Network I/O unit=kb:bytessent,,,,,true,,0,0,0,0,null,0,0,0,326133,326606
1626730492305,0,localhost Network I/O unit=mb:bytesrecv,,,,,true,,0,0,0,0,null,0,0,0,326133,326133
1626730493306,76428,localhost Network I/O unit=kb:bytessent,,,,,true,,0,0,0,0,null,0,0,0,327134,403562
1626730493306,5963,localhost Network I/O unit=mb:bytesrecv,,,,,true,,0,0,0,0,null,0,0,0,327134,333097
1626730494306,671932,localhost Network I/O unit=kb:bytessent,,,,,true,,0,0,0,0,null,0,0,0,328134,1000066
1626730494306,40612,localhost Network I/O unit=mb:bytesrecv,,,,,true,,0,0,0,0,null,0,0,0,328134,368746
1626730495322,459,localhost Network I/O unit=kb:bytessent,,,,,true,,0,0,0,0,null,0,0,0,329150,329609
1626730495322,0,localhost Network I/O unit=mb:bytesrecv,,,,,true,,0,0,0,0,null,0,0,0,329150,329150
1626730496322,21175,localhost Network I/O unit=kb:bytessent,,,,,true,,0,0,0,0,null,0,0,0,330150,351325
1626730496322,19,localhost Network I/O unit=mb:bytesrecv,,,,,true,,0,0,0,0,null,0,0,0,330150,330169
1626730497323,31013,localhost Network I/O unit=kb:bytessent,,,,,true,,0,0,0,0,null,0,0,0,331151,362164
1626730497323,25,localhost Network I/O unit=mb:bytesrecv,,,,,true,,0,0,0,0,null,0,0,0,331151,331176
1626730498323,63154,localhost Network I/O unit=kb:bytessent,,,,,true,,0,0,0,0,null,0,0,0,332151,395305
1626730498323,50,localhost Network I/O unit=mb:bytesrecv,,,,,true,,0,0,0,0,null,0,0,0,332151,332201
1626730499323,24185,localhost Network I/O unit=kb:bytessent,,,,,true,,0,0,0,0,null,0,0,0,333151,357336
1626730499323,15,localhost Network I/O unit=mb:bytesrecv,,,,,true,,0,0,0,0,null,0,0,0,333151,333166
1626730500323,161234,localhost Network I/O unit=kb:bytessent,,,,,true,,0,0,0,0,null,0,0,0,334151,495385
1626730500324,33061,localhost Network I/O unit=mb:bytesrecv,,,,,true,,0,0,0,0,null,0,0,0,334152,367213
1626730501324,348864,localhost Network I/O unit=kb:bytessent,,,,,true,,0,0,0,0,null,0,0,0,335152,684016
1626730501324,70043,localhost Network I/O unit=mb:bytesrecv,,,,,true,,0,0,0,0,null,0,0,0,335152,405195
1626730502324,766815,localhost Network I/O unit=kb:bytessent,,,,,true,,0,0,0,0,null,0,0,0,336152,1102967
1626730502324,113240,localhost Network I/O unit=mb:bytesrecv,,,,,true,,0,0,0,0,null,0,0,0,336152,449392
1626730503324,842125,localhost Network I/O unit=kb:bytessent,,,,,true,,0,0,0,0,null,0,0,0,337152,1179277
1626730503325,48457,localhost Network I/O unit=mb:bytesrecv,,,,,true,,0,0,0,0,null,0,0,0,337153,385610
1626730504325,824147,localhost Network I/O unit=kb:bytessent,,,,,true,,0,0,0,0,null,0,0,0,338153,1162300
1626730504325,10273,localhost Network I/O unit=mb:bytesrecv,,,,,true,,0,0,0,0,null,0,0,0,338153,348426
1626730505325,609240,localhost Network I/O unit=kb:bytessent,,,,,true,,0,0,0,0,null,0,0,0,339153,948393
1626730505325,4232,localhost Network I/O unit=mb:bytesrecv,,,,,true,,0,0,0,0,null,0,0,0,339153,343385
1626730506326,458,localhost Network I/O unit=kb:bytessent,,,,,true,,0,0,0,0,null,0,0,0,340154,340612
1626730506326,0,localhost Network I/O unit=mb:bytesrecv,,,,,true,,0,0,0,0,null,0,0,0,340154,340154
1626730507326,472,localhost Network I/O unit=kb:bytessent,,,,,true,,0,0,0,0,null,0,0,0,341154,341626
1626730507326,0,localhost Network I/O unit=mb:bytesrecv,,,,,true,,0,0,0,0,null,0,0,0,341154,341154
1626730508326,471,localhost Network I/O unit=kb:bytessent,,,,,true,,0,0,0,0,null,0,0,0,342154,342625
1626730508326,0,localhost Network I/O unit=mb:bytesrecv,,,,,true,,0,0,0,0,null,0,0,0,342154,342154
1626730509326,472,localhost Network I/O unit=kb:bytessent,,,,,true,,0,0,0,0,null,0,0,0,343154,343626
1626730509327,0,localhost Network I/O unit=mb:bytesrecv,,,,,true,,0,0,0,0,null,0,0,0,343155,343155
1626730510327,472,localhost Network I/O unit=kb:bytessent,,,,,true,,0,0,0,0,null,0,0,0,344155,344627
1626730510327,0,localhost Network I/O unit=mb:bytesrecv,,,,,true,,0,0,0,0,null,0,0,0,344155,344155
1626730511327,471,localhost Network I/O unit=kb:bytessent,,,,,true,,0,0,0,0,null,0,0,0,345155,345626
1626730511327,0,localhost Network I/O unit=mb:bytesrecv,,,,,true,,0,0,0,0,null,0,0,0,345155,345155
1626730512327,472,localhost Network I/O unit=kb:bytessent,,,,,true,,0,0,0,0,null,0,0,0,346155,346627
1626730512327,0,localhost Network I/O unit=mb:bytesrecv,,,,,true,,0,0,0,0,null,0,0,0,346155,346155
1626730513327,471,localhost Network I/O unit=kb:bytessent,,,,,true,,0,0,0,0,null,0,0,0,347155,347626
1626730513327,0,localhost Network I/O unit=mb:bytesrecv,,,,,true,,0,0,0,0,null,0,0,0,347155,347155
1626730514328,473,localhost Network I/O unit=kb:bytessent,,,,,true,,0,0,0,0,null,0,0,0,348156,348629
1626730514328,0,localhost Network I/O unit=mb:bytesrecv,,,,,true,,0,0,0,0,null,0,0,0,348156,348156
1626730515328,373323,localhost Network I/O unit=kb:bytessent,,,,,true,,0,0,0,0,null,0,0,0,349156,722479
1626730515328,8,localhost Network I/O unit=mb:bytesrecv,,,,,true,,0,0,0,0,null,0,0,0,349156,349164
1626730516329,475,localhost Network I/O unit=kb:bytessent,,,,,true,,0,0,0,0,null,0,0,0,350157,350632
1626730516329,0,localhost Network I/O unit=mb:bytesrecv,,,,,true,,0,0,0,0,null,0,0,0,350157,350157
1626730517329,473,localhost Network I/O unit=kb:bytessent,,,,,true,,0,0,0,0,null,0,0,0,351157,351630
1626730517329,0,localhost Network I/O unit=mb:bytesrecv,,,,,true,,0,0,0,0,null,0,0,0,351157,351157
1626730518329,459,localhost Network I/O unit=kb:bytessent,,,,,true,,0,0,0,0,null,0,0,0,352157,352616
1626730518330,0,localhost Network I/O unit=mb:bytesrecv,,,,,true,,0,0,0,0,null,0,0,0,352158,352158
1626730519330,473,localhost Network I/O unit=kb:bytessent,,,,,true,,0,0,0,0,null,0,0,0,353158,353631
1626730519330,0,localhost Network I/O unit=mb:bytesrecv,,,,,true,,0,0,0,0,null,0,0,0,353158,353158
1626730520330,458,localhost Network I/O unit=kb:bytessent,,,,,true,,0,0,0,0,null,0,0,0,354158,354616
1626730520330,0,localhost Network I/O unit=mb:bytesrecv,,,,,true,,0,0,0,0,null,0,0,0,354158,354158
1626730521331,472,localhost Network I/O unit=kb:bytessent,,,,,true,,0,0,0,0,null,0,0,0,355159,355631
1626730521331,0,localhost Network I/O unit=mb:bytesrecv,,,,,true,,0,0,0,0,null,0,0,0,355159,355159
1626730522331,470,localhost Network I/O unit=kb:bytessent,,,,,true,,0,0,0,0,null,0,0,0,356159,356629
1626730522331,0,localhost Network I/O unit=mb:bytesrecv,,,,,true,,0,0,0,0,null,0,0,0,356159,356159
1626730523331,458,localhost Network I/O unit=kb:bytessent,,,,,true,,0,0,0,0,null,0,0,0,357159,357617
1626730523332,0,localhost Network I/O unit=mb:bytesrecv,,,,,true,,0,0,0,0,null,0,0,0,357160,357160
1626730524332,457,localhost Network I/O unit=kb:bytessent,,,,,true,,0,0,0,0,null,0,0,0,358160,358617
1626730524332,0,localhost Network I/O unit=mb:bytesrecv,,,,,true,,0,0,0,0,null,0,0,0,358160,358160
1626730525332,471,localhost Network I/O unit=kb:bytessent,,,,,true,,0,0,0,0,null,0,0,0,359160,359631
1626730525332,0,localhost Network I/O unit=mb:bytesrecv,,,,,true,,0,0,0,0,null,0,0,0,359160,359160
1626730526333,473,localhost Network I/O unit=kb:bytessent,,,,,true,,0,0,0,0,null,0,0,0,360161,360634
1626730526333,0,localhost Network I/O unit=mb:bytesrecv,,,,,true,,0,0,0,0,null,0,0,0,360161,360161
1626730527333,473,localhost Network I/O unit=kb:bytessent,,,,,true,,0,0,0,0,null,0,0,0,361161,361634
1626730527333,0,localhost Network I/O unit=mb:bytesrecv,,,,,true,,0,0,0,0,null,0,0,0,361161,361161
1626730528333,472,localhost Network I/O unit=kb:bytessent,,,,,true,,0,0,0,0,null,0,0,0,362161,362633
1626730528333,0,localhost Network I/O unit=mb:bytesrecv,,,,,true,,0,0,0,0,null,0,0,0,362161,362161
1626730529334,458,localhost Network I/O unit=kb:bytessent,,,,,true,,0,0,0,0,null,0,0,0,363162,363620
1626730529334,0,localhost Network I/O unit=mb:bytesrecv,,,,,true,,0,0,0,0,null,0,0,0,363162,363162
1626730530334,472,localhost Network I/O unit=kb:bytessent,,,,,true,,0,0,0,0,null,0,0,0,364162,364634
1626730530334,0,localhost Network I/O unit=mb:bytesrecv,,,,,true,,0,0,0,0,null,0,0,0,364162,364162
1626730531334,455,localhost Network I/O unit=kb:bytessent,,,,,true,,0,0,0,0,null,0,0,0,365162,365617
1626730531334,0,localhost Network I/O unit=mb:bytesrecv,,,,,true,,0,0,0,0,null,0,0,0,365162,365162
1626730532335,469,localhost Network I/O unit=kb:bytessent,,,,,true,,0,0,0,0,null,0,0,0,366163,366632
1626730532335,0,localhost Network I/O unit=mb:bytesrecv,,,,,true,,0,0,0,0,null,0,0,0,366163,366163
1626730533335,470,localhost Network I/O unit=kb:bytessent,,,,,true,,0,0,0,0,null,0,0,0,367163,367633
1626730533335,0,localhost Network I/O unit=mb:bytesrecv,,,,,true,,0,0,0,0,null,0,0,0,367163,367163
1626730534336,457,localhost Network I/O unit=kb:bytessent,,,,,true,,0,0,0,0,null,0,0,0,368164,368621
1626730534336,0,localhost Network I/O unit=mb:bytesrecv,,,,,true,,0,0,0,0,null,0,0,0,368164,368164
1626730535336,471,localhost Network I/O unit=kb:bytessent,,,,,true,,0,0,0,0,null,0,0,0,369164,369635
1626730535336,0,localhost Network I/O unit=mb:bytesrecv,,,,,true,,0,0,0,0,null,0,0,0,369164,369164
1626730536336,474,localhost Network I/O unit=kb:bytessent,,,,,true,,0,0,0,0,null,0,0,0,370164,370638
1626730536336,0,localhost Network I/O unit=mb:bytesrecv,,,,,true,,0,0,0,0,null,0,0,0,370164,370164
1626730537337,177766,localhost Network I/O unit=kb:bytessent,,,,,true,,0,0,0,0,null,0,0,0,371165,548931
1626730537337,1282,localhost Network I/O unit=mb:bytesrecv,,,,,true,,0,0,0,0,null,0,0,0,371165,372447
1626730538337,472,localhost Network I/O unit=kb:bytessent,,,,,true,,0,0,0,0,null,0,0,0,372165,372637
1626730538337,0,localhost Network I/O unit=mb:bytesrecv,,,,,true,,0,0,0,0,null,0,0,0,372165,372165
1626730539338,457,localhost Network I/O unit=kb:bytessent,,,,,true,,0,0,0,0,null,0,0,0,373166,373623
1626730539338,0,localhost Network I/O unit=mb:bytesrecv,,,,,true,,0,0,0,0,null,0,0,0,373166,373166
1626730540338,472,localhost Network I/O unit=kb:bytessent,,,,,true,,0,0,0,0,null,0,0,0,374166,374638
1626730540338,0,localhost Network I/O unit=mb:bytesrecv,,,,,true,,0,0,0,0,null,0,0,0,374166,374166
1626730541338,471,localhost Network I/O unit=kb:bytessent,,,,,true,,0,0,0,0,null,0,0,0,375166,375637
1626730541338,0,localhost Network I/O unit=mb:bytesrecv,,,,,true,,0,0,0,0,null,0,0,0,375166,375166
1626730542339,473,localhost Network I/O unit=kb:bytessent,,,,,true,,0,0,0,0,null,0,0,0,376167,376640
1626730542339,0,localhost Network I/O unit=mb:bytesrecv,,,,,true,,0,0,0,0,null,0,0,0,376167,376167
1626730543339,472,localhost Network I/O unit=kb:bytessent,,,,,true,,0,0,0,0,null,0,0,0,377167,377639
1626730543339,0,localhost Network I/O unit=mb:bytesrecv,,,,,true,,0,0,0,0,null,0,0,0,377167,377167
1626730544340,458,localhost Network I/O unit=kb:bytessent,,,,,true,,0,0,0,0,null,0,0,0,378168,378626
1626730544340,0,localhost Network I/O unit=mb:bytesrecv,,,,,true,,0,0,0,0,null,0,0,0,378168,378168
1626730545340,379549,localhost Network I/O unit=kb:bytessent,,,,,true,,0,0,0,0,null,0,0,0,379168,758717
1626730545340,8,localhost Network I/O unit=mb:bytesrecv,,,,,true,,0,0,0,0,null,0,0,0,379168,379176
1626730546340,475,localhost Network I/O unit=kb:bytessent,,,,,true,,0,0,0,0,null,0,0,0,380168,380643
1626730546340,1,localhost Network I/O unit=mb:bytesrecv,,,,,true,,0,0,0,0,null,0,0,0,380168,380169
1626730547340,470,localhost Network I/O unit=kb:bytessent,,,,,true,,0,0,0,0,null,0,0,0,381168,381638
1626730547340,0,localhost Network I/O unit=mb:bytesrecv,,,,,true,,0,0,0,0,null,0,0,0,381168,381168
1626730548341,679,localhost Network I/O unit=kb:bytessent,,,,,true,,0,0,0,0,null,0,0,0,382169,382848
1626730548341,0,localhost Network I/O unit=mb:bytesrecv,,,,,true,,0,0,0,0,null,0,0,0,382169,382169
1626730549341,673,localhost Network I/O unit=kb:bytessent,,,,,true,,0,0,0,0,null,0,0,0,383169,383842
1626730549341,0,localhost Network I/O unit=mb:bytesrecv,,,,,true,,0,0,0,0,null,0,0,0,383169,383169
1626730550341,666,localhost Network I/O unit=kb:bytessent,,,,,true,,0,0,0,0,null,0,0,0,384169,384835
1626730550341,0,localhost Network I/O unit=mb:bytesrecv,,,,,true,,0,0,0,0,null,0,0,0,384169,384169
1626730551341,681,localhost Network I/O unit=kb:bytessent,,,,,true,,0,0,0,0,null,0,0,0,385169,385850
1626730551341,0,localhost Network I/O unit=mb:bytesrecv,,,,,true,,0,0,0,0,null,0,0,0,385169,385169
1626730552342,470,localhost Network I/O unit=kb:bytessent,,,,,true,,0,0,0,0,null,0,0,0,386170,386640
1626730552342,0,localhost Network I/O unit=mb:bytesrecv,,,,,true,,0,0,0,0,null,0,0,0,386170,386170
1626730553342,472,localhost Network I/O unit=kb:bytessent,,,,,true,,0,0,0,0,null,0,0,0,387170,387642
1626730553342,0,localhost Network I/O unit=mb:bytesrecv,,,,,true,,0,0,0,0,null,0,0,0,387170,387170
1626730554342,456,localhost Network I/O unit=kb:bytessent,,,,,true,,0,0,0,0,null,0,0,0,388170,388626
1626730554342,0,localhost Network I/O unit=mb:bytesrecv,,,,,true,,0,0,0,0,null,0,0,0,388170,388170
1626730555343,470,localhost Network I/O unit=kb:bytessent,,,,,true,,0,0,0,0,null,0,0,0,389171,389641
1626730555343,0,localhost Network I/O unit=mb:bytesrecv,,,,,true,,0,0,0,0,null,0,0,0,389171,389171
1626730556343,8847,localhost Network I/O unit=kb:bytessent,,,,,true,,0,0,0,0,null,0,0,0,390171,399018
1626730556343,103,localhost Network I/O unit=mb:bytesrecv,,,,,true,,0,0,0,0,null,0,0,0,390171,390274
1626730557343,25593,localhost Network I/O unit=kb:bytessent,,,,,true,,0,0,0,0,null,0,0,0,391171,416764
1626730557343,308,localhost Network I/O unit=mb:bytesrecv,,,,,true,,0,0,0,0,null,0,0,0,391171,391479
1626730558344,14212,localhost Network I/O unit=kb:bytessent,,,,,true,,0,0,0,0,null,0,0,0,392172,406384
1626730558344,300,localhost Network I/O unit=mb:bytesrecv,,,,,true,,0,0,0,0,null,0,0,0,392172,392472
1626730559344,16025,localhost Network I/O unit=kb:bytessent,,,,,true,,0,0,0,0,null,0,0,0,393172,409197
1626730559344,60,localhost Network I/O unit=mb:bytesrecv,,,,,true,,0,0,0,0,null,0,0,0,393172,393232
1626730560344,474,localhost Network I/O unit=kb:bytessent,,,,,true,,0,0,0,0,null,0,0,0,394172,394646
1626730560344,1,localhost Network I/O unit=mb:bytesrecv,,,,,true,,0,0,0,0,null,0,0,0,394172,394173
1626730561345,2593,localhost Network I/O unit=kb:bytessent,,,,,true,,0,0,0,0,null,0,0,0,395173,397766
1626730561345,0,localhost Network I/O unit=mb:bytesrecv,,,,,true,,0,0,0,0,null,0,0,0,395173,395173
1626730562345,468,localhost Network I/O unit=kb:bytessent,,,,,true,,0,0,0,0,null,0,0,0,396173,396641
1626730562345,0,localhost Network I/O unit=mb:bytesrecv,,,,,true,,0,0,0,0,null,0,0,0,396173,396173
1626730563346,454,localhost Network I/O unit=kb:bytessent,,,,,true,,0,0,0,0,null,0,0,0,397174,397628
1626730563346,0,localhost Network I/O unit=mb:bytesrecv,,,,,true,,0,0,0,0,null,0,0,0,397174,397174
1626730564346,472,localhost Network I/O unit=kb:bytessent,,,,,true,,0,0,0,0,null,0,0,0,398174,398646
1626730564346,0,localhost Network I/O unit=mb:bytesrecv,,,,,true,,0,0,0,0,null,0,0,0,398174,398174
1626730565346,472,localhost Network I/O unit=kb:bytessent,,,,,true,,0,0,0,0,null,0,0,0,399174,399646
1626730565346,0,localhost Network I/O unit=mb:bytesrecv,,,,,true,,0,0,0,0,null,0,0,0,399174,399174
1626730566347,471,localhost Network I/O unit=kb:bytessent,,,,,true,,0,0,0,0,null,0,0,0,400175,400646
1626730566347,0,localhost Network I/O unit=mb:bytesrecv,,,,,true,,0,0,0,0,null,0,0,0,400175,400175
1626730567347,472,localhost Network I/O unit=kb:bytessent,,,,,true,,0,0,0,0,null,0,0,0,401175,401647
1626730567347,0,localhost Network I/O unit=mb:bytesrecv,,,,,true,,0,0,0,0,null,0,0,0,401175,401175
1626730568348,471,localhost Network I/O unit=kb:bytessent,,,,,true,,0,0,0,0,null,0,0,0,402176,402647
1626730568348,0,localhost Network I/O unit=mb:bytesrecv,,,,,true,,0,0,0,0,null,0,0,0,402176,402176
1626730569348,474,localhost Network I/O unit=kb:bytessent,,,,,true,,0,0,0,0,null,0,0,0,403176,403650
1626730569348,0,localhost Network I/O unit=mb:bytesrecv,,,,,true,,0,0,0,0,null,0,0,0,403176,403176
1626730570348,470,localhost Network I/O unit=kb:bytessent,,,,,true,,0,0,0,0,null,0,0,0,404176,404646
1626730570348,0,localhost Network I/O unit=mb:bytesrecv,,,,,true,,0,0,0,0,null,0,0,0,404176,404176
1626730571349,459,localhost Network I/O unit=kb:bytessent,,,,,true,,0,0,0,0,null,0,0,0,405177,405636
1626730571349,0,localhost Network I/O unit=mb:bytesrecv,,,,,true,,0,0,0,0,null,0,0,0,405177,405177
1626730572349,474,localhost Network I/O unit=kb:bytessent,,,,,true,,0,0,0,0,null,0,0,0,406177,406651
1626730572349,0,localhost Network I/O unit=mb:bytesrecv,,,,,true,,0,0,0,0,null,0,0,0,406177,406177
1626730573349,469,localhost Network I/O unit=kb:bytessent,,,,,true,,0,0,0,0,null,0,0,0,407177,407646
1626730573349,0,localhost Network I/O unit=mb:bytesrecv,,,,,true,,0,0,0,0,null,0,0,0,407177,407177
1626730574350,473,localhost Network I/O unit=kb:bytessent,,,,,true,,0,0,0,0,null,0,0,0,408178,408651
1626730574350,0,localhost Network I/O unit=mb:bytesrecv,,,,,true,,0,0,0,0,null,0,0,0,408178,408178
1626730575350,379650,localhost Network I/O unit=kb:bytessent,,,,,true,,0,0,0,0,null,0,0,0,409178,788828
1626730575350,8,localhost Network I/O unit=mb:bytesrecv,,,,,true,,0,0,0,0,null,0,0,0,409178,409186
1626730576351,471,localhost Network I/O unit=kb:bytessent,,,,,true,,0,0,0,0,null,0,0,0,410179,410650
1626730576351,0,localhost Network I/O unit=mb:bytesrecv,,,,,true,,0,0,0,0,null,0,0,0,410179,410179
1626730577351,471,localhost Network I/O unit=kb:bytessent,,,,,true,,0,0,0,0,null,0,0,0,411179,411650
1626730577351,0,localhost Network I/O unit=mb:bytesrecv,,,,,true,,0,0,0,0,null,0,0,0,411179,411179
1626730578351,471,localhost Network I/O unit=kb:bytessent,,,,,true,,0,0,0,0,null,0,0,0,412179,412650
1626730578351,0,localhost Network I/O unit=mb:bytesrecv,,,,,true,,0,0,0,0,null,0,0,0,412179,412179
1626730579352,471,localhost Network I/O unit=kb:bytessent,,,,,true,,0,0,0,0,null,0,0,0,413180,413651
1626730579352,0,localhost Network I/O unit=mb:bytesrecv,,,,,true,,0,0,0,0,null,0,0,0,413180,413180
1626730580352,471,localhost Network I/O unit=kb:bytessent,,,,,true,,0,0,0,0,null,0,0,0,414180,414651
1626730580352,0,localhost Network I/O unit=mb:bytesrecv,,,,,true,,0,0,0,0,null,0,0,0,414180,414180
1626730581352,469,localhost Network I/O unit=kb:bytessent,,,,,true,,0,0,0,0,null,0,0,0,415180,415649
1626730581352,0,localhost Network I/O unit=mb:bytesrecv,,,,,true,,0,0,0,0,null,0,0,0,415180,415180
1626730582353,471,localhost Network I/O unit=kb:bytessent,,,,,true,,0,0,0,0,null,0,0,0,416181,416652
1626730582353,0,localhost Network I/O unit=mb:bytesrecv,,,,,true,,0,0,0,0,null,0,0,0,416181,416181
1626730583353,457,localhost Network I/O unit=kb:bytessent,,,,,true,,0,0,0,0,null,0,0,0,417181,417638
1626730583353,0,localhost Network I/O unit=mb:bytesrecv,,,,,true,,0,0,0,0,null,0,0,0,417181,417181
1626730584354,468,localhost Network I/O unit=kb:bytessent,,,,,true,,0,0,0,0,null,0,0,0,418182,418650
1626730584354,0,localhost Network I/O unit=mb:bytesrecv,,,,,true,,0,0,0,0,null,0,0,0,418182,418182
1626730585354,466,localhost Network I/O unit=kb:bytessent,,,,,true,,0,0,0,0,null,0,0,0,419182,419648
1626730585354,0,localhost Network I/O unit=mb:bytesrecv,,,,,true,,0,0,0,0,null,0,0,0,419182,419182
1626730586354,458,localhost Network I/O unit=kb:bytessent,,,,,true,,0,0,0,0,null,0,0,0,420182,420640
1626730586354,1,localhost Network I/O unit=mb:bytesrecv,,,,,true,,0,0,0,0,null,0,0,0,420182,420183
1626730587355,474,localhost Network I/O unit=kb:bytessent,,,,,true,,0,0,0,0,null,0,0,0,421183,421657
1626730587355,0,localhost Network I/O unit=mb:bytesrecv,,,,,true,,0,0,0,0,null,0,0,0,421183,421183
1626730588355,472,localhost Network I/O unit=kb:bytessent,,,,,true,,0,0,0,0,null,0,0,0,422183,422655
1626730588355,0,localhost Network I/O unit=mb:bytesrecv,,,,,true,,0,0,0,0,null,0,0,0,422183,422183
1626730589356,471,localhost Network I/O unit=kb:bytessent,,,,,true,,0,0,0,0,null,0,0,0,423184,423655
1626730589356,0,localhost Network I/O unit=mb:bytesrecv,,,,,true,,0,0,0,0,null,0,0,0,423184,423184
1626730590356,472,localhost Network I/O unit=kb:bytessent,,,,,true,,0,0,0,0,null,0,0,0,424184,424656
1626730590356,0,localhost Network I/O unit=mb:bytesrecv,,,,,true,,0,0,0,0,null,0,0,0,424184,424184
1626730591356,457,localhost Network I/O unit=kb:bytessent,,,,,true,,0,0,0,0,null,0,0,0,425184,425641
1626730591356,0,localhost Network I/O unit=mb:bytesrecv,,,,,true,,0,0,0,0,null,0,0,0,425184,425184
1626730592357,471,localhost Network I/O unit=kb:bytessent,,,,,true,,0,0,0,0,null,0,0,0,426185,426656
1626730592357,0,localhost Network I/O unit=mb:bytesrecv,,,,,true,,0,0,0,0,null,0,0,0,426185,426185
1626730593357,459,localhost Network I/O unit=kb:bytessent,,,,,true,,0,0,0,0,null,0,0,0,427185,427644
1626730593357,0,localhost Network I/O unit=mb:bytesrecv,,,,,true,,0,0,0,0,null,0,0,0,427185,427185
1626730594358,472,localhost Network I/O unit=kb:bytessent,,,,,true,,0,0,0,0,null,0,0,0,428186,428658
1626730594358,0,localhost Network I/O unit=mb:bytesrecv,,,,,true,,0,0,0,0,null,0,0,0,428186,428186
1626730595358,471,localhost Network I/O unit=kb:bytessent,,,,,true,,0,0,0,0,null,0,0,0,429186,429657
1626730595358,0,localhost Network I/O unit=mb:bytesrecv,,,,,true,,0,0,0,0,null,0,0,0,429186,429186
1626730596359,459,localhost Network I/O unit=kb:bytessent,,,,,true,,0,0,0,0,null,0,0,0,430187,430646
1626730596359,0,localhost Network I/O unit=mb:bytesrecv,,,,,true,,0,0,0,0,null,0,0,0,430187,430187
1626730597359,472,localhost Network I/O unit=kb:bytessent,,,,,true,,0,0,0,0,null,0,0,0,431187,431659
1626730597359,1,localhost Network I/O unit=mb:bytesrecv,,,,,true,,0,0,0,0,null,0,0,0,431187,431188
1626730598359,457,localhost Network I/O unit=kb:bytessent,,,,,true,,0,0,0,0,null,0,0,0,432187,432644
1626730598359,0,localhost Network I/O unit=mb:bytesrecv,,,,,true,,0,0,0,0,null,0,0,0,432187,432187
1626730599360,470,localhost Network I/O unit=kb:bytessent,,,,,true,,0,0,0,0,null,0,0,0,433188,433658
1626730599360,0,localhost Network I/O unit=mb:bytesrecv,,,,,true,,0,0,0,0,null,0,0,0,433188,433188
1626730600360,472,localhost Network I/O unit=kb:bytessent,,,,,true,,0,0,0,0,null,0,0,0,434188,434660
1626730600360,0,localhost Network I/O unit=mb:bytesrecv,,,,,true,,0,0,0,0,null,0,0,0,434188,434188
1626730601360,471,localhost Network I/O unit=kb:bytessent,,,,,true,,0,0,0,0,null,0,0,0,435188,435659
1626730601360,0,localhost Network I/O unit=mb:bytesrecv,,,,,true,,0,0,0,0,null,0,0,0,435188,435188
1626730602361,472,localhost Network I/O unit=kb:bytessent,,,,,true,,0,0,0,0,null,0,0,0,436189,436661
1626730602361,0,localhost Network I/O unit=mb:bytesrecv,,,,,true,,0,0,0,0,null,0,0,0,436189,436189
1626730603361,471,localhost Network I/O unit=kb:bytessent,,,,,true,,0,0,0,0,null,0,0,0,437189,437660
1626730603361,0,localhost Network I/O unit=mb:bytesrecv,,,,,true,,0,0,0,0,null,0,0,0,437189,437189
1626730604361,473,localhost Network I/O unit=kb:bytessent,,,,,true,,0,0,0,0,null,0,0,0,438189,438662
1626730604361,0,localhost Network I/O unit=mb:bytesrecv,,,,,true,,0,0,0,0,null,0,0,0,438189,438189
1626730605362,379684,localhost Network I/O unit=kb:bytessent,,,,,true,,0,0,0,0,null,0,0,0,439190,818874
1626730605362,8,localhost Network I/O unit=mb:bytesrecv,,,,,true,,0,0,0,0,null,0,0,0,439190,439198
1626730606362,475,localhost Network I/O unit=kb:bytessent,,,,,true,,0,0,0,0,null,0,0,0,440190,440665
1626730606362,0,localhost Network I/O unit=mb:bytesrecv,,,,,true,,0,0,0,0,null,0,0,0,440190,440190
1626730607363,458,localhost Network I/O unit=kb:bytessent,,,,,true,,0,0,0,0,null,0,0,0,441191,441649
1626730607363,0,localhost Network I/O unit=mb:bytesrecv,,,,,true,,0,0,0,0,null,0,0,0,441191,441191
1626730608363,472,localhost Network I/O unit=kb:bytessent,,,,,true,,0,0,0,0,null,0,0,0,442191,442663
1626730608363,0,localhost Network I/O unit=mb:bytesrecv,,,,,true,,0,0,0,0,null,0,0,0,442191,442191
1626730609363,471,localhost Network I/O unit=kb:bytessent,,,,,true,,0,0,0,0,null,0,0,0,443191,443662
1626730609363,0,localhost Network I/O unit=mb:bytesrecv,,,,,true,,0,0,0,0,null,0,0,0,443191,443191
1626730610364,532,localhost Network I/O unit=kb:bytessent,,,,,true,,0,0,0,0,null,0,0,0,444192,444724
1626730610364,1,localhost Network I/O unit=mb:bytesrecv,,,,,true,,0,0,0,0,null,0,0,0,444192,444193
1626730611364,474,localhost Network I/O unit=kb:bytessent,,,,,true,,0,0,0,0,null,0,0,0,445192,445666
1626730611364,0,localhost Network I/O unit=mb:bytesrecv,,,,,true,,0,0,0,0,null,0,0,0,445192,445192
1626730612365,472,localhost Network I/O unit=kb:bytessent,,,,,true,,0,0,0,0,null,0,0,0,446193,446665
1626730612365,0,localhost Network I/O unit=mb:bytesrecv,,,,,true,,0,0,0,0,null,0,0,0,446193,446193
1626730613365,458,localhost Network I/O unit=kb:bytessent,,,,,true,,0,0,0,0,null,0,0,0,447193,447651
1626730613365,0,localhost Network I/O unit=mb:bytesrecv,,,,,true,,0,0,0,0,null,0,0,0,447193,447193
1626730614366,471,localhost Network I/O unit=kb:bytessent,,,,,true,,0,0,0,0,null,0,0,0,448194,448665
1626730614366,0,localhost Network I/O unit=mb:bytesrecv,,,,,true,,0,0,0,0,null,0,0,0,448194,448194
1626730615366,460,localhost Network I/O unit=kb:bytessent,,,,,true,,0,0,0,0,null,0,0,0,449194,449654
1626730615366,0,localhost Network I/O unit=mb:bytesrecv,,,,,true,,0,0,0,0,null,0,0,0,449194,449194
1626730616366,935,localhost Network I/O unit=kb:bytessent,,,,,true,,0,0,0,0,null,0,0,0,450194,451129
1626730616366,0,localhost Network I/O unit=mb:bytesrecv,,,,,true,,0,0,0,0,null,0,0,0,450194,450194
1626730617367,1867,localhost Network I/O unit=kb:bytessent,,,,,true,,0,0,0,0,null,0,0,0,451195,453062
1626730617367,1,localhost Network I/O unit=mb:bytesrecv,,,,,true,,0,0,0,0,null,0,0,0,451195,451196
